company_name,owner_name,trade_type,location,website_url,overall_rating,review_count,phone,verification_status,services,coverage_area,profile_url,source_platform
Cn Construction&Gardening Ltd,,Wooden Staircases,London,,5,781,07869146538,ratings; memberSince,Gardener / Landscape gardeners; Bathroom fitter; Blacksmith / Metal worker; Bricklayer; Builder; CCTV / Satellites / Alarms; Carpenter / Joiner; Drainage Specialist; Driveway pavers; Electrician; Floor fitters; Gas / Heating engineer; Handyperson; Kitchen Specialist; Locksmith; Loft Conversion Specialist; Painter and decorator; Plasterer / Renderer; Plumber; Roofer; Security systems / Alarms; Specialist Tradesperson; Stoneworker / Stonemason; Swimming Pool Specialist; Tiler; Traditional Craftsperson; Window fitter / Conservatory installer,London,https://www.ratedpeople.com/profile/cn-constructionandgardening,ratedpeople
A & K Contractor Services,,Wooden Staircases,,,9,591,07939990252,,,,https://www.ratedpeople.com/profile/a-and-k-contractor-services,ratedpeople
J B CARPENTRY,,Wooden Staircases,Chislehurst,,5,495,07904988509,ratings; memberSince,Carpenter / Joiner; Blacksmith / Metal worker; Builder; Floor fitters; Gardener / Landscape gardeners; Handyperson; Locksmith; Loft Conversion Specialist; Plumber; Roofer; Security systems / Alarms; Traditional Craftsperson; Window fitter / Conservatory installer,Chislehurst,https://www.ratedpeople.com/profile/j-b-carpentry-south-east,ratedpeople
wood doctor,,Wooden Staircases,Portsmouth,,5,397,07826527179,ratings; memberSince,Carpenter / Joiner; Blacksmith / Metal worker; Builder; Floor fitters; Gardener / Landscape gardeners; Handyperson; Kitchen Specialist; Locksmith; Loft Conversion Specialist; Painter and decorator; Roofer; Security systems / Alarms; Specialist Tradesperson; Stoneworker / Stonemason; Traditional Craftsperson; Window fitter / Conservatory installer,Portsmouth,https://www.ratedpeople.com/profile/wood-doctor,ratedpeople
Ziyad Construction,,Wooden Staircases,London,,4.5,300,,ratings; memberSince,Builder; Bathroom fitter; Bricklayer; Carpenter / Joiner; Drainage Specialist; Electrician; Floor fitters; Gardener / Landscape gardeners; Gas / Heating engineer; Kitchen Specialist; Locksmith; Loft Conversion Specialist; Plasterer / Renderer; Plumber; Roofer; Specialist Tradesperson; Stoneworker / Stonemason; Tiler; Traditional Craftsperson,London,https://www.ratedpeople.com/profile/ziyad-construction,ratedpeople
ES Electrical & Building Services,,Wooden Staircases,London,,5,261,07487236174,ratings; memberSince,Builder; Bathroom fitter; Blacksmith / Metal worker; Bricklayer; CCTV / Satellites / Alarms; Carpenter / Joiner; Cleaner; Electrician; Floor fitters; Gardener / Landscape gardeners; Gas / Heating engineer; Handyperson; Kitchen Specialist; Loft Conversion Specialist; Painter and decorator; Plasterer / Renderer; Plumber; Removal Services; Renewable Energy Specialist; Roofer; Security systems / Alarms; Specialist Tradesperson; Stoneworker / Stonemason; Tiler; Traditional Craftsperson; Window fitter / Conservatory installer,London,https://www.ratedpeople.com/profile/es-electrical-building-services,ratedpeople
Chameleon Refurbs,,Wooden Staircases,Cambridge,,5,245,07572886121,ratings,Builder; Bathroom fitter; Blacksmith / Metal worker; Bricklayer; Carpenter / Joiner; Cleaner; Driveway pavers; Floor fitters; Gardener / Landscape gardeners; Handyperson; Loft Conversion Specialist; Painter and decorator; Plasterer / Renderer; Plumber; Removal Services; Roofer; Security systems / Alarms; Specialist Tradesperson; Stoneworker / Stonemason; Tiler; Traditional Craftsperson; Tree Surgeon; Window fitter / Conservatory installer,Cambridge,https://www.ratedpeople.com/profile/the-green-machine,ratedpeople
R&D Construction,,Wooden Staircases,London,,5,210,07859888537,ratings; memberSince,Builder; Bathroom fitter; Blacksmith / Metal worker; Bricklayer; Carpenter / Joiner; Drainage Specialist; Floor fitters; Gardener / Landscape gardeners; Gas / Heating engineer; Kitchen Specialist; Loft Conversion Specialist; Plumber; Roofer; Specialist Tradesperson; Tiler; Window fitter / Conservatory installer,London,https://www.ratedpeople.com/profile/mo-bagheri-plumbing,ratedpeople
A & L Ever Ready Cleaning & Building Maintenance LTD,,Wooden Staircases,Rainham,,5,198,07984262910,ratings; memberSince,Builder; Bathroom fitter; Blacksmith / Metal worker; Bricklayer; CCTV / Satellites / Alarms; Carpenter / Joiner; Cleaner; Drainage Specialist; Driveway pavers; Electrician; Floor fitters; Gardener / Landscape gardeners; Gas / Heating engineer; Handyperson; Kitchen Specialist; Locksmith; Loft Conversion Specialist; Painter and decorator; Pest Control; Plasterer / Renderer; Plumber; Removal Services; Renewable Energy Specialist; Roofer; Security systems / Alarms; Specialist Tradesperson; Stoneworker / Stonemason; Swimming Pool Specialist; Tiler; Traditional Craftsperson; Tree Surgeon; Window fitter / Conservatory installer,Rainham,https://www.ratedpeople.com/profile/a-and-l-ever-ready-cleaning-and-building-maintenance,ratedpeople
MM Smooth Constructions,,Wooden Staircases,,,9,194,07533036734,,,,https://www.ratedpeople.com/profile/mm-design-constructions,ratedpeople
S R DEANE BUILDING SERVICES,,Wooden Staircases,Bishop's Stortford,,5,193,,ratings; memberSince,Builder; Bathroom fitter; Blacksmith / Metal worker; Bricklayer; CCTV / Satellites / Alarms; Carpenter / Joiner; Driveway pavers; Electrician; Floor fitters; Gardener / Landscape gardeners; Gas / Heating engineer; Handyperson; Kitchen Specialist; Loft Conversion Specialist; Painter and decorator; Plasterer / Renderer; Plumber; Roofer; Specialist Tradesperson; Stoneworker / Stonemason; Tiler; Traditional Craftsperson; Window fitter / Conservatory installer,Bishop's Stortford,https://www.ratedpeople.com/profile/s-r-deane,ratedpeople
Aaron Construction,,Wooden Staircases,Gardens,,5,172,,ratings; memberSince,Roofer; Bathroom fitter; Blacksmith / Metal worker; Bricklayer; Builder; CCTV / Satellites / Alarms; Carpenter / Joiner; Drainage Specialist; Driveway pavers; Electrician; Floor fitters; Gardener / Landscape gardeners; Gas / Heating engineer; Handyperson; Kitchen Specialist; Locksmith; Loft Conversion Specialist; Painter and decorator; Plasterer / Renderer; Plumber; Removal Services; Renewable Energy Specialist; Security systems / Alarms; Specialist Tradesperson; Stoneworker / Stonemason; Swimming Pool Specialist; Tiler; Traditional Craftsperson; Tree Surgeon; Window fitter / Conservatory installer,Gardens,https://www.ratedpeople.com/profile/aaron-construction,ratedpeople
Princes Paving and building,,Wooden Staircases,Princes Risborough,,5,158,,ratings; memberSince,Builder; Blacksmith / Metal worker; Bricklayer; Carpenter / Joiner; Drainage Specialist; Driveway pavers; Floor fitters; Gardener / Landscape gardeners; Handyperson; Loft Conversion Specialist; Plasterer / Renderer; Roofer; Specialist Tradesperson; Stoneworker / Stonemason; Tiler; Traditional Craftsperson; Window fitter / Conservatory installer,Princes Risborough,https://www.ratedpeople.com/profile/princes-paving-and-building,ratedpeople
JNM CONSTRUCTION SERVICES,,Wooden Staircases,Ilford,,5,145,,ratings; memberSince,Bricklayer; Builder,Ilford,https://www.ratedpeople.com/profile/jnm-construction-services,ratedpeople
Your Property Developers,,Wooden Staircases,Stanmore,,4.5,137,,ratings; memberSince,Carpenter / Joiner; Bathroom fitter; Blacksmith / Metal worker; Bricklayer; Builder; Drainage Specialist; Driveway pavers; Electrician; Floor fitters; Gardener / Landscape gardeners; Gas / Heating engineer; Handyperson; Kitchen Specialist; Locksmith; Loft Conversion Specialist; Painter and decorator; Plasterer / Renderer; Plumber; Roofer; Security systems / Alarms; Specialist Tradesperson; Stoneworker / Stonemason; Tiler; Traditional Craftsperson; Window fitter / Conservatory installer,Stanmore,https://www.ratedpeople.com/profile/ier-uk-limited,ratedpeople
The Ruby Team,,Wooden Staircases,London,,5,135,,ratings; memberSince; gassafe,Carpenter / Joiner; Bathroom fitter; Blacksmith / Metal worker; Bricklayer; Builder; CCTV / Satellites / Alarms; Cleaner; Driveway pavers; Electrician; Floor fitters; Gardener / Landscape gardeners; Gas / Heating engineer; Handyperson; Kitchen Specialist; Locksmith; Loft Conversion Specialist; Painter and decorator; Pest Control; Plasterer / Renderer; Plumber; Removal Services; Renewable Energy Specialist; Roofer; Security systems / Alarms; Specialist Tradesperson; Stoneworker / Stonemason; Swimming Pool Specialist; Tiler; Traditional Craftsperson; Tree Surgeon; Window fitter / Conservatory installer,London,https://www.ratedpeople.com/profile/therubyteam,ratedpeople
CERTIFIED GROUP LTD,,Wooden Staircases,London,,5,132,,ratings; memberSince; gassafe; partp,Builder; Bathroom fitter; CCTV / Satellites / Alarms; Carpenter / Joiner; Drainage Specialist; Electrician; Floor fitters; Gardener / Landscape gardeners; Gas / Heating engineer; Handyperson; Kitchen Specialist; Loft Conversion Specialist; Plumber; Renewable Energy Specialist; Security systems / Alarms; Specialist Tradesperson; Traditional Craftsperson; Window fitter / Conservatory installer,London,https://www.ratedpeople.com/profile/certified-gas-heating,ratedpeople
S & H Builders,,Wooden Staircases,,,9,127,,,,,https://www.ratedpeople.com/profile/s-and-h-builders,ratedpeople
O B Build Group,,Wooden Staircases,30 Torrington park,,5,118,07450050085,ratings; memberSince,Builder; Blacksmith / Metal worker; Bricklayer; Carpenter / Joiner; Cleaner; Electrician; Floor fitters; Handyperson; Loft Conversion Specialist; Painter and decorator; Plasterer / Renderer; Plumber; Removal Services; Roofer; Specialist Tradesperson; Tiler; Traditional Craftsperson; Window fitter / Conservatory installer,30 Torrington park,https://www.ratedpeople.com/profile/obbuild,ratedpeople
Strong Wood Carpentry,,Wooden Staircases,Romsey,,5,115,,ratings; memberSince,Carpenter / Joiner; Builder; Floor fitters; Gardener / Landscape gardeners; Handyperson; Kitchen Specialist; Loft Conversion Specialist; Painter and decorator; Plasterer / Renderer; Specialist Tradesperson; Traditional Craftsperson; Window fitter / Conservatory installer,Romsey,https://www.ratedpeople.com/profile/balint-bora-carpentry,ratedpeople
Top Notch Joinery,,Wooden Staircases,Pontypool,,5,369,07561197281,ratings,Carpenter / Joiner; Builder; Floor fitters; Gardener / Landscape gardeners; Handyperson; Kitchen Specialist; Loft Conversion Specialist; Roofer; Traditional Craftsperson; Window fitter / Conservatory installer,Pontypool,https://www.ratedpeople.com/profile/adam-unwin-carpentry,ratedpeople
steve seymour carpentry,,Wooden Staircases,Swansea,,5,130,,ratings; memberSince,Carpenter / Joiner; Blacksmith / Metal worker; Bricklayer; Builder; Cleaner; Electrician; Floor fitters; Gardener / Landscape gardeners; Handyperson; Kitchen Specialist; Loft Conversion Specialist; Painter and decorator; Plumber; Roofer; Stoneworker / Stonemason; Traditional Craftsperson; Window fitter / Conservatory installer,Swansea,https://www.ratedpeople.com/profile/steve-seymour-carpentry-plymouth,ratedpeople
Viktor,,Wooden Staircases,bristol,,5,106,,ratings; memberSince,Painter and decorator,bristol,https://www.ratedpeople.com/profile/viktor,ratedpeople
RSM Building Services,,Wooden Staircases,Bristol,,4.5,99,,ratings; memberSince,Builder; Bathroom fitter; Blacksmith / Metal worker; Bricklayer; Carpenter / Joiner; Cleaner; Drainage Specialist; Electrician; Floor fitters; Handyperson; Kitchen Specialist; Loft Conversion Specialist; Painter and decorator; Plasterer / Renderer; Plumber; Removal Services; Roofer; Specialist Tradesperson; Stoneworker / Stonemason; Tiler; Traditional Craftsperson; Window fitter / Conservatory installer,Bristol,https://www.ratedpeople.com/profile/rsm-bristol,ratedpeople
Underwood home improvements an maintenance,,Wooden Staircases,Bristol,,5,90,,ratings; memberSince,Bathroom fitter; Bricklayer; Builder; CCTV / Satellites / Alarms; Carpenter / Joiner; Cleaner; Driveway pavers; Electrician; Floor fitters; Gardener / Landscape gardeners; Gas / Heating engineer; Handyperson; Kitchen Specialist; Loft Conversion Specialist; Painter and decorator; Plasterer / Renderer; Plumber; Roofer; Specialist Tradesperson; Stoneworker / Stonemason; Tiler; Traditional Craftsperson; Window fitter / Conservatory installer,Bristol,https://www.ratedpeople.com/profile/underwood-home-improvements-an-maintenance,ratedpeople
Property Renovation&Decorating Services,,Wooden Staircases,Watford,,5,199,07448421376,ratings; memberSince,Builder; Bathroom fitter; Blacksmith / Metal worker; Bricklayer; Carpenter / Joiner; Cleaner; Driveway pavers; Electrician; Floor fitters; Gardener / Landscape gardeners; Gas / Heating engineer; Handyperson; Kitchen Specialist; Locksmith; Loft Conversion Specialist; Painter and decorator; Plasterer / Renderer; Plumber; Renewable Energy Specialist; Roofer; Specialist Tradesperson; Stoneworker / Stonemason; Tiler; Traditional Craftsperson; Window fitter / Conservatory installer,Watford,https://www.ratedpeople.com/profile/renovations-painting-watford,ratedpeople
Bristol House Extensions,,Wooden Staircases,Bristol,,5,79,07576561625,ratings; memberSince,Builder; Bathroom fitter; Blacksmith / Metal worker; Bricklayer; Carpenter / Joiner; Cleaner; Driveway pavers; Electrician; Floor fitters; Gardener / Landscape gardeners; Gas / Heating engineer; Handyperson; Kitchen Specialist; Loft Conversion Specialist; Plasterer / Renderer; Plumber; Renewable Energy Specialist; Roofer; Specialist Tradesperson; Stoneworker / Stonemason; Traditional Craftsperson; Tree Surgeon; Window fitter / Conservatory installer,Bristol,https://www.ratedpeople.com/profile/bristol-house-extensions,ratedpeople
Father\\'s House Carpentry/Painting & Decorating Services,,Wooden Staircases,Bath,,5,76,07504088436,ratings; memberSince,Carpenter / Joiner; Bathroom fitter; Blacksmith / Metal worker; Bricklayer; Builder; Cleaner; Drainage Specialist; Driveway pavers; Electrician; Floor fitters; Gardener / Landscape gardeners; Handyperson; Kitchen Specialist; Loft Conversion Specialist; Painter and decorator; Plasterer / Renderer; Plumber; Removal Services; Roofer; Security systems / Alarms; Specialist Tradesperson; Stoneworker / Stonemason; Tiler; Traditional Craftsperson; Tree Surgeon; Window fitter / Conservatory installer,Bath,https://www.ratedpeople.com/profile/fathers-house-carpentry,ratedpeople
JH Mapp Fencing and Landscaping,,Wooden Staircases,Ebbw Vale,,5,75,,ratings; memberSince,Gardener / Landscape gardeners; Blacksmith / Metal worker; Bricklayer; Builder; CCTV / Satellites / Alarms; Carpenter / Joiner; Cleaner; Driveway pavers; Electrician; Floor fitters; Handyperson; Kitchen Specialist; Loft Conversion Specialist; Painter and decorator; Plumber; Removal Services; Renewable Energy Specialist; Roofer; Security systems / Alarms; Specialist Tradesperson; Stoneworker / Stonemason; Traditional Craftsperson; Tree Surgeon; Window fitter / Conservatory installer,Ebbw Vale,https://www.ratedpeople.com/profile/jhmappfencing,ratedpeople
MB bricklaying services,,Wooden Staircases,Warwickshire,,4.5,70,,ratings; memberSince,Bricklayer; Blacksmith / Metal worker; Builder; Carpenter / Joiner; Cleaner; Drainage Specialist; Driveway pavers; Electrician; Floor fitters; Gardener / Landscape gardeners; Handyperson; Loft Conversion Specialist; Painter and decorator; Plumber; Roofer; Specialist Tradesperson; Stoneworker / Stonemason; Traditional Craftsperson; Window fitter / Conservatory installer,Warwickshire,https://www.ratedpeople.com/profile/mb-bricklaying-services,ratedpeople
TEEMIS,,Wooden Staircases,Cardiff,,5,69,,ratings; memberSince,Handyperson; Builder; Carpenter / Joiner; Driveway pavers; Electrician; Floor fitters; Gardener / Landscape gardeners; Kitchen Specialist; Loft Conversion Specialist; Specialist Tradesperson; Tiler; Traditional Craftsperson; Window fitter / Conservatory installer,Cardiff,https://www.ratedpeople.com/profile/teemis,ratedpeople
Wayne Parker,,Wooden Staircases,Midsomer Norton,,5,69,,ratings; memberSince,Builder; Bathroom fitter; Carpenter / Joiner; Electrician; Floor fitters; Gardener / Landscape gardeners; Gas / Heating engineer; Kitchen Specialist; Loft Conversion Specialist; Painter and decorator; Plasterer / Renderer; Plumber; Roofer; Specialist Tradesperson; Tiler; Traditional Craftsperson; Window fitter / Conservatory installer,Midsomer Norton,https://www.ratedpeople.com/profile/wayne-parker,ratedpeople
B Shakespeare,,Wooden Staircases,Bristol,,4.5,68,,ratings,Handyperson; Bathroom fitter; Builder; Carpenter / Joiner; Cleaner; Electrician; Floor fitters; Gardener / Landscape gardeners; Kitchen Specialist; Loft Conversion Specialist; Painter and decorator; Plumber; Roofer; Tiler; Traditional Craftsperson; Window fitter / Conservatory installer,Bristol,https://www.ratedpeople.com/profile/b-shakespeare,ratedpeople
P H Plasterers,,Wooden Staircases,Cardiff,,5,67,07811966217,ratings; memberSince,Plasterer / Renderer; Blacksmith / Metal worker; Bricklayer; Builder; Carpenter / Joiner; Cleaner; Electrician; Floor fitters; Gardener / Landscape gardeners; Handyperson; Loft Conversion Specialist; Painter and decorator; Plumber; Roofer; Specialist Tradesperson; Stoneworker / Stonemason; Traditional Craftsperson; Window fitter / Conservatory installer,Cardiff,https://www.ratedpeople.com/profile/p-h-plasterers,ratedpeople
Oliver Kent,,Wooden Staircases,Cheltenham,,5,65,07557271029,ratings; memberSince,Carpenter / Joiner; Bathroom fitter; Builder; Floor fitters; Gardener / Landscape gardeners; Handyperson; Kitchen Specialist; Loft Conversion Specialist; Painter and decorator; Plumber; Removal Services; Roofer; Specialist Tradesperson; Tiler; Traditional Craftsperson; Window fitter / Conservatory installer,Cheltenham,https://www.ratedpeople.com/profile/oliver-kent,ratedpeople
SERGIU NASALEAN,,Wooden Staircases,Cheltenham,,5,65,,ratings; memberSince,Builder; Bathroom fitter; Blacksmith / Metal worker; Bricklayer; CCTV / Satellites / Alarms; Carpenter / Joiner; Cleaner; Drainage Specialist; Driveway pavers; Electrician; Floor fitters; Gardener / Landscape gardeners; Gas / Heating engineer; Handyperson; Kitchen Specialist; Locksmith; Loft Conversion Specialist; Painter and decorator; Plasterer / Renderer; Plumber; Roofer; Security systems / Alarms; Specialist Tradesperson; Stoneworker / Stonemason; Tiler; Traditional Craftsperson; Window fitter / Conservatory installer,Cheltenham,https://www.ratedpeople.com/profile/sergiu-nasalean,ratedpeople
Wise E.P.R LTD,,Wooden Staircases,Stroud,,4.5,63,,ratings,Specialist Tradesperson; Bathroom fitter; Blacksmith / Metal worker; Bricklayer; Builder; Carpenter / Joiner; Cleaner; Drainage Specialist; Driveway pavers; Electrician; Floor fitters; Gardener / Landscape gardeners; Gas / Heating engineer; Handyperson; Kitchen Specialist; Loft Conversion Specialist; Painter and decorator; Plasterer / Renderer; Plumber; Renewable Energy Specialist; Roofer; Tiler; Traditional Craftsperson; Window fitter / Conservatory installer,Stroud,https://www.ratedpeople.com/profile/plumbwise,ratedpeople
DW HOME IMPROVEMENTS,,Wooden Staircases,Newport,,5,60,07891965802,ratings; memberSince,Carpenter / Joiner; Bathroom fitter; Blacksmith / Metal worker; Bricklayer; Builder; Cleaner; Electrician; Floor fitters; Gardener / Landscape gardeners; Handyperson; Kitchen Specialist; Loft Conversion Specialist; Painter and decorator; Plasterer / Renderer; Plumber; Roofer; Security systems / Alarms; Specialist Tradesperson; Stoneworker / Stonemason; Tiler; Traditional Craftsperson; Window fitter / Conservatory installer,Newport,https://www.ratedpeople.com/profile/dw-carpentry-newport,ratedpeople
Total Building & Maintenance,,Wooden Staircases,Chippenham,,5,57,07506730349,ratings; memberSince,Builder; Blacksmith / Metal worker; Bricklayer; Carpenter / Joiner; Cleaner; Driveway pavers; Electrician; Gardener / Landscape gardeners; Gas / Heating engineer; Handyperson; Loft Conversion Specialist; Painter and decorator; Plumber; Roofer; Specialist Tradesperson; Traditional Craftsperson; Window fitter / Conservatory installer,Chippenham,https://www.ratedpeople.com/profile/total-building-and-maintenance,ratedpeople
TC Property Renovations,,Wooden Staircases,Road,,5,253,,ratings; memberSince,Builder; Bathroom fitter; Blacksmith / Metal worker; Bricklayer; CCTV / Satellites / Alarms; Carpenter / Joiner; Electrician; Floor fitters; Gardener / Landscape gardeners; Gas / Heating engineer; Kitchen Specialist; Loft Conversion Specialist; Painter and decorator; Plasterer / Renderer; Plumber; Roofer; Security systems / Alarms; Specialist Tradesperson; Stoneworker / Stonemason; Tiler; Traditional Craftsperson; Window fitter / Conservatory installer,Road,https://www.ratedpeople.com/profile/tc-joinery,ratedpeople
NTRT Electrical and Construction Ltd,,Wooden Staircases,Belmont Business Park,,5,133,07453379223,ratings; memberSince,Specialist Tradesperson; Bathroom fitter; Blacksmith / Metal worker; Bricklayer; Builder; CCTV / Satellites / Alarms; Carpenter / Joiner; Cleaner; Driveway pavers; Electrician; Floor fitters; Gardener / Landscape gardeners; Gas / Heating engineer; Handyperson; Kitchen Specialist; Loft Conversion Specialist; Painter and decorator; Plasterer / Renderer; Plumber; Removal Services; Renewable Energy Specialist; Roofer; Security systems / Alarms; Stoneworker / Stonemason; Tiler; Traditional Craftsperson; Window fitter / Conservatory installer,Belmont Business Park,https://www.ratedpeople.com/profile/nikolaos-tatos,ratedpeople
Can Construction,,Wooden Staircases,Bolton,,5,119,,ratings; memberSince,Builder; Blacksmith / Metal worker; Bricklayer; Carpenter / Joiner; Cleaner; Gardener / Landscape gardeners; Loft Conversion Specialist; Painter and decorator; Roofer; Specialist Tradesperson; Stoneworker / Stonemason; Window fitter / Conservatory installer,Bolton,https://www.ratedpeople.com/profile/can-construction,ratedpeople
SJ Building and Plastering Services,,Wooden Staircases,Jarrow,,5,105,07794146812,ratings; memberSince,Builder; Bathroom fitter; Blacksmith / Metal worker; Bricklayer; Carpenter / Joiner; Cleaner; Electrician; Handyperson; Kitchen Specialist; Loft Conversion Specialist; Painter and decorator; Plasterer / Renderer; Plumber; Roofer; Specialist Tradesperson; Stoneworker / Stonemason; Traditional Craftsperson; Window fitter / Conservatory installer,Jarrow,https://www.ratedpeople.com/profile/sj-plastering-serives,ratedpeople
DC Joinery,,Wooden Staircases,wallsend,,5,93,07986104373,ratings; memberSince,Carpenter / Joiner; Builder; Electrician; Floor fitters; Gardener / Landscape gardeners; Handyperson; Kitchen Specialist; Loft Conversion Specialist; Painter and decorator; Plumber; Roofer; Traditional Craftsperson; Window fitter / Conservatory installer,wallsend,https://www.ratedpeople.com/profile/dc-roofline-and-joinery,ratedpeople
SB Construction,,Wooden Staircases,Sunderland,,5,85,,ratings; memberSince,Builder; Bricklayer; Carpenter / Joiner; Drainage Specialist; Driveway pavers; Floor fitters; Gardener / Landscape gardeners; Kitchen Specialist; Loft Conversion Specialist; Painter and decorator; Plasterer / Renderer; Removal Services; Roofer; Specialist Tradesperson; Stoneworker / Stonemason; Window fitter / Conservatory installer,Sunderland,https://www.ratedpeople.com/profile/sb-construction-sunderland,ratedpeople
DMH Contracts,,Wooden Staircases,,,10,77,07831214581,,,,https://www.ratedpeople.com/profile/think-heating,ratedpeople
midland builders,,Wooden Staircases,Notts,,5,76,,ratings; memberSince,Roofer; Bathroom fitter; Blacksmith / Metal worker; Bricklayer; Builder; Carpenter / Joiner; Floor fitters; Kitchen Specialist; Loft Conversion Specialist; Plasterer / Renderer; Plumber; Specialist Tradesperson; Stoneworker / Stonemason; Traditional Craftsperson; Window fitter / Conservatory installer,Notts,https://www.ratedpeople.com/profile/midland-builders-mansfield,ratedpeople
Weardale Construction,,Wooden Staircases,Tyne&wear,,4.5,74,07968966369,ratings; memberSince,Builder; Bathroom fitter; Blacksmith / Metal worker; Bricklayer; Carpenter / Joiner; Cleaner; Electrician; Floor fitters; Gardener / Landscape gardeners; Gas / Heating engineer; Handyperson; Kitchen Specialist; Loft Conversion Specialist; Painter and decorator; Plasterer / Renderer; Plumber; Renewable Energy Specialist; Roofer; Specialist Tradesperson; Stoneworker / Stonemason; Tiler; Traditional Craftsperson; Window fitter / Conservatory installer,Tyne&wear,https://www.ratedpeople.com/profile/weardale-construction,ratedpeople
Rafal Siemiaszko,,Wooden Staircases,Newcastle Upon Tyne,,5,67,,ratings; memberSince,Bathroom fitter; Blacksmith / Metal worker; Bricklayer; Builder; Carpenter / Joiner; Drainage Specialist; Electrician; Floor fitters; Gardener / Landscape gardeners; Gas / Heating engineer; Handyperson; Kitchen Specialist; Loft Conversion Specialist; Painter and decorator; Plasterer / Renderer; Plumber; Roofer; Specialist Tradesperson; Stoneworker / Stonemason; Swimming Pool Specialist; Tiler; Traditional Craftsperson; Window fitter / Conservatory installer,Newcastle Upon Tyne,https://www.ratedpeople.com/profile/rafal-siemiaszko,ratedpeople
T7 ELECTRICAL & BUILDING LTD,,Wooden Staircases,Gateshead,,5,64,07492414410,ratings; memberSince,Electrician; Builder; CCTV / Satellites / Alarms; Carpenter / Joiner; Floor fitters; Gardener / Landscape gardeners; Handyperson; Kitchen Specialist; Loft Conversion Specialist; Plasterer / Renderer; Plumber; Renewable Energy Specialist; Roofer; Security systems / Alarms; Specialist Tradesperson; Traditional Craftsperson; Window fitter / Conservatory installer,Gateshead,https://www.ratedpeople.com/profile/t7-electrical-building,ratedpeople
Buster Construction and Renovations,,Wooden Staircases,Biggar,,5,60,07517633213,ratings; memberSince,Builder; Bathroom fitter; Blacksmith / Metal worker; Bricklayer; CCTV / Satellites / Alarms; Carpenter / Joiner; Cleaner; Drainage Specialist; Driveway pavers; Electrician; Floor fitters; Gardener / Landscape gardeners; Gas / Heating engineer; Handyperson; Kitchen Specialist; Locksmith; Loft Conversion Specialist; Painter and decorator; Pest Control; Plasterer / Renderer; Plumber; Removal Services; Renewable Energy Specialist; Roofer; Security systems / Alarms; Specialist Tradesperson; Stoneworker / Stonemason; Tiler; Traditional Craftsperson; Tree Surgeon; Window fitter / Conservatory installer,Biggar,https://www.ratedpeople.com/profile/buster-construction-and-renovations,ratedpeople
luxury spaces,,Wooden Staircases,Dunfermline,,5,136,07763510006,ratings; memberSince,Builder; Bathroom fitter; Blacksmith / Metal worker; Bricklayer; CCTV / Satellites / Alarms; Carpenter / Joiner; Cleaner; Drainage Specialist; Driveway pavers; Electrician; Floor fitters; Gardener / Landscape gardeners; Gas / Heating engineer; Handyperson; Kitchen Specialist; Locksmith; Loft Conversion Specialist; Painter and decorator; Plasterer / Renderer; Plumber; Renewable Energy Specialist; Roofer; Security systems / Alarms; Specialist Tradesperson; Tiler; Traditional Craftsperson; Window fitter / Conservatory installer,Dunfermline,https://www.ratedpeople.com/profile/aaron-montgomery,ratedpeople
Worktop Expert,,Wooden Staircases,Gateshead,,5,53,,ratings; memberSince,Kitchen Specialist; Builder; Carpenter / Joiner; Electrician; Floor fitters; Gardener / Landscape gardeners; Gas / Heating engineer; Handyperson; Loft Conversion Specialist; Plasterer / Renderer; Plumber; Roofer; Specialist Tradesperson; Stoneworker / Stonemason; Tiler; Traditional Craftsperson; Window fitter / Conservatory installer,Gateshead,https://www.ratedpeople.com/profile/igor-stetsiuk,ratedpeople
Main Builder,,Wooden Staircases,Dumfries,,5,46,07846279269,ratings; memberSince,Bathroom fitter; Blacksmith / Metal worker; Bricklayer; Builder; CCTV / Satellites / Alarms; Carpenter / Joiner; Cleaner; Drainage Specialist; Driveway pavers; Electrician; Floor fitters; Gardener / Landscape gardeners; Gas / Heating engineer; Handyperson; Kitchen Specialist; Locksmith; Loft Conversion Specialist; Painter and decorator; Plasterer / Renderer; Plumber; Removal Services; Renewable Energy Specialist; Roofer; Security systems / Alarms; Specialist Tradesperson; Stoneworker / Stonemason; Tiler; Traditional Craftsperson; Tree Surgeon; Window fitter / Conservatory installer,Dumfries,https://www.ratedpeople.com/profile/main-builder,ratedpeople
TA joinery,,Wooden Staircases,Middlesbrough,,5,45,,ratings; memberSince,Carpenter / Joiner; Blacksmith / Metal worker; Builder; Floor fitters; Gardener / Landscape gardeners; Handyperson; Kitchen Specialist; Loft Conversion Specialist; Plumber; Roofer; Traditional Craftsperson; Window fitter / Conservatory installer,Middlesbrough,https://www.ratedpeople.com/profile/ta-joinery,ratedpeople
mc property maintenance,,Wooden Staircases,County Durham,,4.5,41,07762204783,ratings; memberSince,Builder; Bathroom fitter; Blacksmith / Metal worker; Bricklayer; CCTV / Satellites / Alarms; Carpenter / Joiner; Cleaner; Drainage Specialist; Driveway pavers; Electrician; Floor fitters; Gardener / Landscape gardeners; Gas / Heating engineer; Handyperson; Kitchen Specialist; Locksmith; Loft Conversion Specialist; Painter and decorator; Pest Control; Plasterer / Renderer; Plumber; Roofer; Security systems / Alarms; Specialist Tradesperson; Stoneworker / Stonemason; Tiler; Traditional Craftsperson; Tree Surgeon; Window fitter / Conservatory installer,County Durham,https://www.ratedpeople.com/profile/mc-property-maintenance-durham,ratedpeople
Walsh Home Improvements,,Wooden Staircases,North Shields,,4.5,37,,ratings; memberSince,Builder; Bathroom fitter; Blacksmith / Metal worker; Bricklayer; Carpenter / Joiner; Driveway pavers; Electrician; Floor fitters; Gardener / Landscape gardeners; Gas / Heating engineer; Handyperson; Kitchen Specialist; Loft Conversion Specialist; Plasterer / Renderer; Plumber; Roofer; Specialist Tradesperson; Stoneworker / Stonemason; Swimming Pool Specialist; Traditional Craftsperson; Window fitter / Conservatory installer,North Shields,https://www.ratedpeople.com/profile/walsh-home-improvements,ratedpeople
MH Property Services,,Wooden Staircases,Ponteland,,5,36,,ratings; memberSince,Builder; Bathroom fitter; Blacksmith / Metal worker; Bricklayer; Carpenter / Joiner; Cleaner; Electrician; Kitchen Specialist; Loft Conversion Specialist; Painter and decorator; Plumber; Roofer; Specialist Tradesperson; Window fitter / Conservatory installer,Ponteland,https://www.ratedpeople.com/profile/property-services-northern,ratedpeople
Budex Developments,,Wooden Staircases,Perth,,4.5,47,,ratings,Carpenter / Joiner; Bathroom fitter; Builder; Drainage Specialist; Electrician; Floor fitters; Gardener / Landscape gardeners; Gas / Heating engineer; Handyperson; Kitchen Specialist; Locksmith; Loft Conversion Specialist; Plumber; Renewable Energy Specialist; Roofer; Security systems / Alarms; Specialist Tradesperson; Traditional Craftsperson; Window fitter / Conservatory installer,Perth,https://www.ratedpeople.com/profile/budex-developments,ratedpeople
C Malcolm,,Wooden Staircases,Buckie,,5,39,,ratings; memberSince,Carpenter / Joiner; Bathroom fitter; Builder; Floor fitters; Gardener / Landscape gardeners; Kitchen Specialist; Loft Conversion Specialist; Plumber; Roofer; Stoneworker / Stonemason; Tiler; Traditional Craftsperson; Window fitter / Conservatory installer,Buckie,https://www.ratedpeople.com/profile/c-malcolm,ratedpeople
Neil Middleton,,Wooden Staircases,Banchory,,4.5,22,,ratings; memberSince,Plumber; Bathroom fitter; Blacksmith / Metal worker; Bricklayer; Builder; Carpenter / Joiner; Cleaner; Drainage Specialist; Driveway pavers; Electrician; Floor fitters; Gardener / Landscape gardeners; Gas / Heating engineer; Handyperson; Kitchen Specialist; Loft Conversion Specialist; Painter and decorator; Pest Control; Plasterer / Renderer; Removal Services; Renewable Energy Specialist; Roofer; Security systems / Alarms; Specialist Tradesperson; Stoneworker / Stonemason; Traditional Craftsperson; Tree Surgeon; Window fitter / Conservatory installer,,https://www.ratedpeople.com/profile/neil-middleton,ratedpeople
Swallow Restorations,,Wooden Staircases,Dunoon,,5,18,,ratings; memberSince,Traditional Craftsperson; Builder; Carpenter / Joiner; Floor fitters; Gardener / Landscape gardeners; Kitchen Specialist; Loft Conversion Specialist; Window fitter / Conservatory installer,Dunoon,https://www.ratedpeople.com/profile/swallow-restorations,ratedpeople
JJ Walker Property Development,,Wooden Staircases,Lochgelly,,5,34,07944753688,ratings; memberSince,Builder; Bathroom fitter; Blacksmith / Metal worker; Bricklayer; Carpenter / Joiner; Drainage Specialist; Driveway pavers; Electrician; Floor fitters; Gardener / Landscape gardeners; Gas / Heating engineer; Handyperson; Kitchen Specialist; Loft Conversion Specialist; Painter and decorator; Plasterer / Renderer; Plumber; Removal Services; Roofer; Specialist Tradesperson; Stoneworker / Stonemason; Tiler; Traditional Craftsperson; Window fitter / Conservatory installer,Lochgelly,https://www.ratedpeople.com/profile/jj-property-development,ratedpeople
Home Repair UK,,Wooden Staircases,Motherwell,,5,18,,ratings; memberSince,Carpenter / Joiner; Bathroom fitter; Blacksmith / Metal worker; Bricklayer; Builder; CCTV / Satellites / Alarms; Cleaner; Driveway pavers; Electrician; Floor fitters; Gardener / Landscape gardeners; Gas / Heating engineer; Handyperson; Kitchen Specialist; Locksmith; Loft Conversion Specialist; Painter and decorator; Plasterer / Renderer; Plumber; Removal Services; Renewable Energy Specialist; Roofer; Security systems / Alarms; Specialist Tradesperson; Stoneworker / Stonemason; Tiler; Traditional Craftsperson; Window fitter / Conservatory installer,Motherwell,https://www.ratedpeople.com/profile/home-repair-uk,ratedpeople
Pearl Contracts,,Wooden Staircases,Montrose,,5,14,,ratings; memberSince,Builder; Blacksmith / Metal worker; Bricklayer; Carpenter / Joiner; Cleaner; Drainage Specialist; Driveway pavers; Electrician; Floor fitters; Gardener / Landscape gardeners; Gas / Heating engineer; Handyperson; Loft Conversion Specialist; Painter and decorator; Plasterer / Renderer; Plumber; Removal Services; Renewable Energy Specialist; Roofer; Security systems / Alarms; Specialist Tradesperson; Stoneworker / Stonemason; Tiler; Traditional Craftsperson; Tree Surgeon; Window fitter / Conservatory installer,Montrose,https://www.ratedpeople.com/profile/pearl-contracts,ratedpeople
Precision Projects Stirling,,Wooden Staircases,Falkirk,,5,14,,ratings; memberSince,Carpenter / Joiner; Bathroom fitter; Bricklayer; Builder; Cleaner; Electrician; Floor fitters; Gardener / Landscape gardeners; Handyperson; Kitchen Specialist; Locksmith; Loft Conversion Specialist; Painter and decorator; Plumber; Roofer; Security systems / Alarms; Stoneworker / Stonemason; Traditional Craftsperson; Window fitter / Conservatory installer,Falkirk,https://www.ratedpeople.com/profile/wdjoinery,ratedpeople
freshfield builders ltd,,Wooden Staircases,Keith,,5,12,,ratings; memberSince,Builder; Bathroom fitter; Blacksmith / Metal worker; Bricklayer; Carpenter / Joiner; Cleaner; Drainage Specialist; Driveway pavers; Electrician; Floor fitters; Gardener / Landscape gardeners; Gas / Heating engineer; Handyperson; Loft Conversion Specialist; Painter and decorator; Plasterer / Renderer; Plumber; Roofer; Specialist Tradesperson; Stoneworker / Stonemason; Tiler; Window fitter / Conservatory installer,Keith,https://www.ratedpeople.com/profile/freshfield-builders,ratedpeople
B Allan Groundwork's,,Wooden Staircases,Leven,,5,5,,ratings; memberSince,Builder; Blacksmith / Metal worker; Bricklayer; Carpenter / Joiner; Cleaner; Drainage Specialist; Driveway pavers; Electrician; Floor fitters; Gardener / Landscape gardeners; Gas / Heating engineer; Handyperson; Loft Conversion Specialist; Painter and decorator; Plasterer / Renderer; Plumber; Removal Services; Roofer; Specialist Tradesperson; Stoneworker / Stonemason; Window fitter / Conservatory installer,Leven,https://www.ratedpeople.com/profile/albec-groundworks,ratedpeople
Chytry Services,,Wooden Staircases,Tain,,4.5,3,,memberSince,Painter and decorator; Bathroom fitter; Blacksmith / Metal worker; Builder; Carpenter / Joiner; Electrician; Floor fitters; Gardener / Landscape gardeners; Handyperson; Kitchen Specialist; Loft Conversion Specialist; Plumber; Roofer; Stoneworker / Stonemason; Traditional Craftsperson; Window fitter / Conservatory installer,Tain,https://www.ratedpeople.com/profile/chytry-services,ratedpeople
Mckinlay Contracts LTD,,Wooden Staircases,Perth,,5,2,,memberSince,Builder; Bathroom fitter; Blacksmith / Metal worker; Bricklayer; Carpenter / Joiner; Cleaner; Drainage Specialist; Driveway pavers; Floor fitters; Gardener / Landscape gardeners; Handyperson; Kitchen Specialist; Locksmith; Loft Conversion Specialist; Plasterer / Renderer; Plumber; Removal Services; Roofer; Specialist Tradesperson; Stoneworker / Stonemason; Traditional Craftsperson; Window fitter / Conservatory installer,Perth,https://www.ratedpeople.com/profile/mckinlay-contracts,ratedpeople
Made To Measure Joinery,,Wooden Staircases,Terrace,,4.5,2,,memberSince,Carpenter / Joiner; Bathroom fitter; Blacksmith / Metal worker; Builder; Floor fitters; Gardener / Landscape gardeners; Handyperson; Kitchen Specialist; Locksmith; Loft Conversion Specialist; Painter and decorator; Plasterer / Renderer; Plumber; Roofer; Security systems / Alarms; Specialist Tradesperson; Stoneworker / Stonemason; Tiler; Traditional Craftsperson; Window fitter / Conservatory installer,Terrace,https://www.ratedpeople.com/profile/piter-property-refurbishment,ratedpeople
Rated People,,Wooden Staircases,London,,0,0,,memberSince,Electrician; Bathroom fitter; Blacksmith / Metal worker; Bricklayer; Builder; CCTV / Satellites / Alarms; Carpenter / Joiner; Cleaner; Drainage Specialist; Driveway pavers; Floor fitters; Gardener / Landscape gardeners; Gas / Heating engineer; Handyperson; Kitchen Specialist; Locksmith; Loft Conversion Specialist; Painter and decorator; Pest Control; Plasterer / Renderer; Plumber; Removal Services; Roofer; Security systems / Alarms; Specialist Tradesperson; Stoneworker / Stonemason; Swimming Pool Specialist; Tiler; Traditional Craftsperson; Tree Surgeon; Window fitter / Conservatory installer,London,https://www.ratedpeople.com/profile/rated-people-2647620491143,ratedpeople
JH Roofing & Building,,Wooden Staircases,Cowdenbeath,,0,0,,,Roofer; Bathroom fitter; Blacksmith / Metal worker; Bricklayer; Builder; CCTV / Satellites / Alarms; Carpenter / Joiner; Cleaner; Drainage Specialist; Driveway pavers; Electrician; Floor fitters; Gardener / Landscape gardeners; Gas / Heating engineer; Handyperson; Kitchen Specialist; Loft Conversion Specialist; Painter and decorator; Plasterer / Renderer; Plumber; Removal Services; Renewable Energy Specialist; Security systems / Alarms; Specialist Tradesperson; Stoneworker / Stonemason; Traditional Craftsperson; Tree Surgeon; Window fitter / Conservatory installer,Cowdenbeath,https://www.ratedpeople.com/profile/jh-roofing-and-building,ratedpeople
Cn Construction&Gardening Ltd,,Wooden Staircases,London,,5,781,07869146538,ratings; memberSince,Gardener / Landscape gardeners; Bathroom fitter; Blacksmith / Metal worker; Bricklayer; Builder; CCTV / Satellites / Alarms; Carpenter / Joiner; Drainage Specialist; Driveway pavers; Electrician; Floor fitters; Gas / Heating engineer; Handyperson; Kitchen Specialist; Locksmith; Loft Conversion Specialist; Painter and decorator; Plasterer / Renderer; Plumber; Roofer; Security systems / Alarms; Specialist Tradesperson; Stoneworker / Stonemason; Swimming Pool Specialist; Tiler; Traditional Craftsperson; Window fitter / Conservatory installer,London,https://www.ratedpeople.com/profile/cn-constructionandgardening,ratedpeople
A & K Contractor Services,,Wooden Staircases,,,9,591,07939990252,,,,https://www.ratedpeople.com/profile/a-and-k-contractor-services,ratedpeople
J B CARPENTRY,,Wooden Staircases,Chislehurst,,5,495,07904988509,ratings; memberSince,Carpenter / Joiner; Blacksmith / Metal worker; Builder; Floor fitters; Gardener / Landscape gardeners; Handyperson; Locksmith; Loft Conversion Specialist; Plumber; Roofer; Security systems / Alarms; Traditional Craftsperson; Window fitter / Conservatory installer,Chislehurst,https://www.ratedpeople.com/profile/j-b-carpentry-south-east,ratedpeople
wood doctor,,Wooden Staircases,Portsmouth,,5,397,07826527179,ratings; memberSince,Carpenter / Joiner; Blacksmith / Metal worker; Builder; Floor fitters; Gardener / Landscape gardeners; Handyperson; Kitchen Specialist; Locksmith; Loft Conversion Specialist; Painter and decorator; Roofer; Security systems / Alarms; Specialist Tradesperson; Stoneworker / Stonemason; Traditional Craftsperson; Window fitter / Conservatory installer,Portsmouth,https://www.ratedpeople.com/profile/wood-doctor,ratedpeople
Ziyad Construction,,Wooden Staircases,London,,4.5,300,,ratings; memberSince,Builder; Bathroom fitter; Bricklayer; Carpenter / Joiner; Drainage Specialist; Electrician; Floor fitters; Gardener / Landscape gardeners; Gas / Heating engineer; Kitchen Specialist; Locksmith; Loft Conversion Specialist; Plasterer / Renderer; Plumber; Roofer; Specialist Tradesperson; Stoneworker / Stonemason; Tiler; Traditional Craftsperson,London,https://www.ratedpeople.com/profile/ziyad-construction,ratedpeople
ES Electrical & Building Services,,Wooden Staircases,London,,5,261,07487236174,ratings; memberSince,Builder; Bathroom fitter; Blacksmith / Metal worker; Bricklayer; CCTV / Satellites / Alarms; Carpenter / Joiner; Cleaner; Electrician; Floor fitters; Gardener / Landscape gardeners; Gas / Heating engineer; Handyperson; Kitchen Specialist; Loft Conversion Specialist; Painter and decorator; Plasterer / Renderer; Plumber; Removal Services; Renewable Energy Specialist; Roofer; Security systems / Alarms; Specialist Tradesperson; Stoneworker / Stonemason; Tiler; Traditional Craftsperson; Window fitter / Conservatory installer,London,https://www.ratedpeople.com/profile/es-electrical-building-services,ratedpeople
Chameleon Refurbs,,Wooden Staircases,Cambridge,,5,245,07572886121,ratings,Builder; Bathroom fitter; Blacksmith / Metal worker; Bricklayer; Carpenter / Joiner; Cleaner; Driveway pavers; Floor fitters; Gardener / Landscape gardeners; Handyperson; Loft Conversion Specialist; Painter and decorator; Plasterer / Renderer; Plumber; Removal Services; Roofer; Security systems / Alarms; Specialist Tradesperson; Stoneworker / Stonemason; Tiler; Traditional Craftsperson; Tree Surgeon; Window fitter / Conservatory installer,Cambridge,https://www.ratedpeople.com/profile/the-green-machine,ratedpeople
R&D Construction,,Wooden Staircases,London,,5,210,07859888537,ratings; memberSince,Builder; Bathroom fitter; Blacksmith / Metal worker; Bricklayer; Carpenter / Joiner; Drainage Specialist; Floor fitters; Gardener / Landscape gardeners; Gas / Heating engineer; Kitchen Specialist; Loft Conversion Specialist; Plumber; Roofer; Specialist Tradesperson; Tiler; Window fitter / Conservatory installer,London,https://www.ratedpeople.com/profile/mo-bagheri-plumbing,ratedpeople
A & L Ever Ready Cleaning & Building Maintenance LTD,,Wooden Staircases,Rainham,,5,198,07984262910,ratings; memberSince,Builder; Bathroom fitter; Blacksmith / Metal worker; Bricklayer; CCTV / Satellites / Alarms; Carpenter / Joiner; Cleaner; Drainage Specialist; Driveway pavers; Electrician; Floor fitters; Gardener / Landscape gardeners; Gas / Heating engineer; Handyperson; Kitchen Specialist; Locksmith; Loft Conversion Specialist; Painter and decorator; Pest Control; Plasterer / Renderer; Plumber; Removal Services; Renewable Energy Specialist; Roofer; Security systems / Alarms; Specialist Tradesperson; Stoneworker / Stonemason; Swimming Pool Specialist; Tiler; Traditional Craftsperson; Tree Surgeon; Window fitter / Conservatory installer,Rainham,https://www.ratedpeople.com/profile/a-and-l-ever-ready-cleaning-and-building-maintenance,ratedpeople
MM Smooth Constructions,,Wooden Staircases,,,9,194,07533036734,,,,https://www.ratedpeople.com/profile/mm-design-constructions,ratedpeople
S R DEANE BUILDING SERVICES,,Wooden Staircases,Bishop's Stortford,,5,193,,ratings; memberSince,Builder; Bathroom fitter; Blacksmith / Metal worker; Bricklayer; CCTV / Satellites / Alarms; Carpenter / Joiner; Driveway pavers; Electrician; Floor fitters; Gardener / Landscape gardeners; Gas / Heating engineer; Handyperson; Kitchen Specialist; Loft Conversion Specialist; Painter and decorator; Plasterer / Renderer; Plumber; Roofer; Specialist Tradesperson; Stoneworker / Stonemason; Tiler; Traditional Craftsperson; Window fitter / Conservatory installer,Bishop's Stortford,https://www.ratedpeople.com/profile/s-r-deane,ratedpeople
Aaron Construction,,Wooden Staircases,Gardens,,5,172,,ratings; memberSince,Roofer; Bathroom fitter; Blacksmith / Metal worker; Bricklayer; Builder; CCTV / Satellites / Alarms; Carpenter / Joiner; Drainage Specialist; Driveway pavers; Electrician; Floor fitters; Gardener / Landscape gardeners; Gas / Heating engineer; Handyperson; Kitchen Specialist; Locksmith; Loft Conversion Specialist; Painter and decorator; Plasterer / Renderer; Plumber; Removal Services; Renewable Energy Specialist; Security systems / Alarms; Specialist Tradesperson; Stoneworker / Stonemason; Swimming Pool Specialist; Tiler; Traditional Craftsperson; Tree Surgeon; Window fitter / Conservatory installer,Gardens,https://www.ratedpeople.com/profile/aaron-construction,ratedpeople
Princes Paving and building,,Wooden Staircases,Princes Risborough,,5,158,,ratings; memberSince,Builder; Blacksmith / Metal worker; Bricklayer; Carpenter / Joiner; Drainage Specialist; Driveway pavers; Floor fitters; Gardener / Landscape gardeners; Handyperson; Loft Conversion Specialist; Plasterer / Renderer; Roofer; Specialist Tradesperson; Stoneworker / Stonemason; Tiler; Traditional Craftsperson; Window fitter / Conservatory installer,Princes Risborough,https://www.ratedpeople.com/profile/princes-paving-and-building,ratedpeople
JNM CONSTRUCTION SERVICES,,Wooden Staircases,Ilford,,5,145,,ratings; memberSince,Bricklayer; Builder,Ilford,https://www.ratedpeople.com/profile/jnm-construction-services,ratedpeople
Your Property Developers,,Wooden Staircases,Stanmore,,4.5,137,,ratings; memberSince,Carpenter / Joiner; Bathroom fitter; Blacksmith / Metal worker; Bricklayer; Builder; Drainage Specialist; Driveway pavers; Electrician; Floor fitters; Gardener / Landscape gardeners; Gas / Heating engineer; Handyperson; Kitchen Specialist; Locksmith; Loft Conversion Specialist; Painter and decorator; Plasterer / Renderer; Plumber; Roofer; Security systems / Alarms; Specialist Tradesperson; Stoneworker / Stonemason; Tiler; Traditional Craftsperson; Window fitter / Conservatory installer,Stanmore,https://www.ratedpeople.com/profile/ier-uk-limited,ratedpeople
The Ruby Team,,Wooden Staircases,London,,5,135,,ratings; memberSince; gassafe,Carpenter / Joiner; Bathroom fitter; Blacksmith / Metal worker; Bricklayer; Builder; CCTV / Satellites / Alarms; Cleaner; Driveway pavers; Electrician; Floor fitters; Gardener / Landscape gardeners; Gas / Heating engineer; Handyperson; Kitchen Specialist; Locksmith; Loft Conversion Specialist; Painter and decorator; Pest Control; Plasterer / Renderer; Plumber; Removal Services; Renewable Energy Specialist; Roofer; Security systems / Alarms; Specialist Tradesperson; Stoneworker / Stonemason; Swimming Pool Specialist; Tiler; Traditional Craftsperson; Tree Surgeon; Window fitter / Conservatory installer,London,https://www.ratedpeople.com/profile/therubyteam,ratedpeople
CERTIFIED GROUP LTD,,Wooden Staircases,London,,5,132,,ratings; memberSince; gassafe; partp,Builder; Bathroom fitter; CCTV / Satellites / Alarms; Carpenter / Joiner; Drainage Specialist; Electrician; Floor fitters; Gardener / Landscape gardeners; Gas / Heating engineer; Handyperson; Kitchen Specialist; Loft Conversion Specialist; Plumber; Renewable Energy Specialist; Security systems / Alarms; Specialist Tradesperson; Traditional Craftsperson; Window fitter / Conservatory installer,London,https://www.ratedpeople.com/profile/certified-gas-heating,ratedpeople
S & H Builders,,Wooden Staircases,,,9,127,,,,,https://www.ratedpeople.com/profile/s-and-h-builders,ratedpeople
O B Build Group,,Wooden Staircases,30 Torrington park,,5,118,07450050085,ratings; memberSince,Builder; Blacksmith / Metal worker; Bricklayer; Carpenter / Joiner; Cleaner; Electrician; Floor fitters; Handyperson; Loft Conversion Specialist; Painter and decorator; Plasterer / Renderer; Plumber; Removal Services; Roofer; Specialist Tradesperson; Tiler; Traditional Craftsperson; Window fitter / Conservatory installer,30 Torrington park,https://www.ratedpeople.com/profile/obbuild,ratedpeople
Strong Wood Carpentry,,Wooden Staircases,Romsey,,5,115,,ratings; memberSince,Carpenter / Joiner; Builder; Floor fitters; Gardener / Landscape gardeners; Handyperson; Kitchen Specialist; Loft Conversion Specialist; Painter and decorator; Plasterer / Renderer; Specialist Tradesperson; Traditional Craftsperson; Window fitter / Conservatory installer,Romsey,https://www.ratedpeople.com/profile/balint-bora-carpentry,ratedpeople
Top Notch Joinery,,Wooden Staircases,Pontypool,,5,369,07561197281,ratings,Carpenter / Joiner; Builder; Floor fitters; Gardener / Landscape gardeners; Handyperson; Kitchen Specialist; Loft Conversion Specialist; Roofer; Traditional Craftsperson; Window fitter / Conservatory installer,Pontypool,https://www.ratedpeople.com/profile/adam-unwin-carpentry,ratedpeople
steve seymour carpentry,,Wooden Staircases,Swansea,,5,130,,ratings; memberSince,Carpenter / Joiner; Blacksmith / Metal worker; Bricklayer; Builder; Cleaner; Electrician; Floor fitters; Gardener / Landscape gardeners; Handyperson; Kitchen Specialist; Loft Conversion Specialist; Painter and decorator; Plumber; Roofer; Stoneworker / Stonemason; Traditional Craftsperson; Window fitter / Conservatory installer,Swansea,https://www.ratedpeople.com/profile/steve-seymour-carpentry-plymouth,ratedpeople
Viktor,,Wooden Staircases,bristol,,5,106,,ratings; memberSince,Painter and decorator,bristol,https://www.ratedpeople.com/profile/viktor,ratedpeople
RSM Building Services,,Wooden Staircases,Bristol,,4.5,99,,ratings; memberSince,Builder; Bathroom fitter; Blacksmith / Metal worker; Bricklayer; Carpenter / Joiner; Cleaner; Drainage Specialist; Electrician; Floor fitters; Handyperson; Kitchen Specialist; Loft Conversion Specialist; Painter and decorator; Plasterer / Renderer; Plumber; Removal Services; Roofer; Specialist Tradesperson; Stoneworker / Stonemason; Tiler; Traditional Craftsperson; Window fitter / Conservatory installer,Bristol,https://www.ratedpeople.com/profile/rsm-bristol,ratedpeople
Underwood home improvements an maintenance,,Wooden Staircases,Bristol,,5,90,,ratings; memberSince,Bathroom fitter; Bricklayer; Builder; CCTV / Satellites / Alarms; Carpenter / Joiner; Cleaner; Driveway pavers; Electrician; Floor fitters; Gardener / Landscape gardeners; Gas / Heating engineer; Handyperson; Kitchen Specialist; Loft Conversion Specialist; Painter and decorator; Plasterer / Renderer; Plumber; Roofer; Specialist Tradesperson; Stoneworker / Stonemason; Tiler; Traditional Craftsperson; Window fitter / Conservatory installer,Bristol,https://www.ratedpeople.com/profile/underwood-home-improvements-an-maintenance,ratedpeople
Property Renovation&Decorating Services,,Wooden Staircases,Watford,,5,199,07448421376,ratings; memberSince,Builder; Bathroom fitter; Blacksmith / Metal worker; Bricklayer; Carpenter / Joiner; Cleaner; Driveway pavers; Electrician; Floor fitters; Gardener / Landscape gardeners; Gas / Heating engineer; Handyperson; Kitchen Specialist; Locksmith; Loft Conversion Specialist; Painter and decorator; Plasterer / Renderer; Plumber; Renewable Energy Specialist; Roofer; Specialist Tradesperson; Stoneworker / Stonemason; Tiler; Traditional Craftsperson; Window fitter / Conservatory installer,Watford,https://www.ratedpeople.com/profile/renovations-painting-watford,ratedpeople
Bristol House Extensions,,Wooden Staircases,Bristol,,5,79,07576561625,ratings; memberSince,Builder; Bathroom fitter; Blacksmith / Metal worker; Bricklayer; Carpenter / Joiner; Cleaner; Driveway pavers; Electrician; Floor fitters; Gardener / Landscape gardeners; Gas / Heating engineer; Handyperson; Kitchen Specialist; Loft Conversion Specialist; Plasterer / Renderer; Plumber; Renewable Energy Specialist; Roofer; Specialist Tradesperson; Stoneworker / Stonemason; Traditional Craftsperson; Tree Surgeon; Window fitter / Conservatory installer,Bristol,https://www.ratedpeople.com/profile/bristol-house-extensions,ratedpeople
Father\\'s House Carpentry/Painting & Decorating Services,,Wooden Staircases,Bath,,5,76,07504088436,ratings; memberSince,Carpenter / Joiner; Bathroom fitter; Blacksmith / Metal worker; Bricklayer; Builder; Cleaner; Drainage Specialist; Driveway pavers; Electrician; Floor fitters; Gardener / Landscape gardeners; Handyperson; Kitchen Specialist; Loft Conversion Specialist; Painter and decorator; Plasterer / Renderer; Plumber; Removal Services; Roofer; Security systems / Alarms; Specialist Tradesperson; Stoneworker / Stonemason; Tiler; Traditional Craftsperson; Tree Surgeon; Window fitter / Conservatory installer,Bath,https://www.ratedpeople.com/profile/fathers-house-carpentry,ratedpeople
JH Mapp Fencing and Landscaping,,Wooden Staircases,Ebbw Vale,,5,75,,ratings; memberSince,Gardener / Landscape gardeners; Blacksmith / Metal worker; Bricklayer; Builder; CCTV / Satellites / Alarms; Carpenter / Joiner; Cleaner; Driveway pavers; Electrician; Floor fitters; Handyperson; Kitchen Specialist; Loft Conversion Specialist; Painter and decorator; Plumber; Removal Services; Renewable Energy Specialist; Roofer; Security systems / Alarms; Specialist Tradesperson; Stoneworker / Stonemason; Traditional Craftsperson; Tree Surgeon; Window fitter / Conservatory installer,Ebbw Vale,https://www.ratedpeople.com/profile/jhmappfencing,ratedpeople
MB bricklaying services,,Wooden Staircases,Warwickshire,,4.5,70,,ratings; memberSince,Bricklayer; Blacksmith / Metal worker; Builder; Carpenter / Joiner; Cleaner; Drainage Specialist; Driveway pavers; Electrician; Floor fitters; Gardener / Landscape gardeners; Handyperson; Loft Conversion Specialist; Painter and decorator; Plumber; Roofer; Specialist Tradesperson; Stoneworker / Stonemason; Traditional Craftsperson; Window fitter / Conservatory installer,Warwickshire,https://www.ratedpeople.com/profile/mb-bricklaying-services,ratedpeople
TEEMIS,,Wooden Staircases,Cardiff,,5,69,,ratings; memberSince,Handyperson; Builder; Carpenter / Joiner; Driveway pavers; Electrician; Floor fitters; Gardener / Landscape gardeners; Kitchen Specialist; Loft Conversion Specialist; Specialist Tradesperson; Tiler; Traditional Craftsperson; Window fitter / Conservatory installer,Cardiff,https://www.ratedpeople.com/profile/teemis,ratedpeople
Wayne Parker,,Wooden Staircases,Midsomer Norton,,5,69,,ratings; memberSince,Builder; Bathroom fitter; Carpenter / Joiner; Electrician; Floor fitters; Gardener / Landscape gardeners; Gas / Heating engineer; Kitchen Specialist; Loft Conversion Specialist; Painter and decorator; Plasterer / Renderer; Plumber; Roofer; Specialist Tradesperson; Tiler; Traditional Craftsperson; Window fitter / Conservatory installer,Midsomer Norton,https://www.ratedpeople.com/profile/wayne-parker,ratedpeople
B Shakespeare,,Wooden Staircases,Bristol,,4.5,68,,ratings,Handyperson; Bathroom fitter; Builder; Carpenter / Joiner; Cleaner; Electrician; Floor fitters; Gardener / Landscape gardeners; Kitchen Specialist; Loft Conversion Specialist; Painter and decorator; Plumber; Roofer; Tiler; Traditional Craftsperson; Window fitter / Conservatory installer,Bristol,https://www.ratedpeople.com/profile/b-shakespeare,ratedpeople
P H Plasterers,,Wooden Staircases,Cardiff,,5,67,07811966217,ratings; memberSince,Plasterer / Renderer; Blacksmith / Metal worker; Bricklayer; Builder; Carpenter / Joiner; Cleaner; Electrician; Floor fitters; Gardener / Landscape gardeners; Handyperson; Loft Conversion Specialist; Painter and decorator; Plumber; Roofer; Specialist Tradesperson; Stoneworker / Stonemason; Traditional Craftsperson; Window fitter / Conservatory installer,Cardiff,https://www.ratedpeople.com/profile/p-h-plasterers,ratedpeople
Oliver Kent,,Wooden Staircases,Cheltenham,,5,65,07557271029,ratings; memberSince,Carpenter / Joiner; Bathroom fitter; Builder; Floor fitters; Gardener / Landscape gardeners; Handyperson; Kitchen Specialist; Loft Conversion Specialist; Painter and decorator; Plumber; Removal Services; Roofer; Specialist Tradesperson; Tiler; Traditional Craftsperson; Window fitter / Conservatory installer,Cheltenham,https://www.ratedpeople.com/profile/oliver-kent,ratedpeople
SERGIU NASALEAN,,Wooden Staircases,Cheltenham,,5,65,,ratings; memberSince,Builder; Bathroom fitter; Blacksmith / Metal worker; Bricklayer; CCTV / Satellites / Alarms; Carpenter / Joiner; Cleaner; Drainage Specialist; Driveway pavers; Electrician; Floor fitters; Gardener / Landscape gardeners; Gas / Heating engineer; Handyperson; Kitchen Specialist; Locksmith; Loft Conversion Specialist; Painter and decorator; Plasterer / Renderer; Plumber; Roofer; Security systems / Alarms; Specialist Tradesperson; Stoneworker / Stonemason; Tiler; Traditional Craftsperson; Window fitter / Conservatory installer,Cheltenham,https://www.ratedpeople.com/profile/sergiu-nasalean,ratedpeople
Wise E.P.R LTD,,Wooden Staircases,Stroud,,4.5,63,,ratings,Specialist Tradesperson; Bathroom fitter; Blacksmith / Metal worker; Bricklayer; Builder; Carpenter / Joiner; Cleaner; Drainage Specialist; Driveway pavers; Electrician; Floor fitters; Gardener / Landscape gardeners; Gas / Heating engineer; Handyperson; Kitchen Specialist; Loft Conversion Specialist; Painter and decorator; Plasterer / Renderer; Plumber; Renewable Energy Specialist; Roofer; Tiler; Traditional Craftsperson; Window fitter / Conservatory installer,Stroud,https://www.ratedpeople.com/profile/plumbwise,ratedpeople
DW HOME IMPROVEMENTS,,Wooden Staircases,Newport,,5,60,07891965802,ratings; memberSince,Carpenter / Joiner; Bathroom fitter; Blacksmith / Metal worker; Bricklayer; Builder; Cleaner; Electrician; Floor fitters; Gardener / Landscape gardeners; Handyperson; Kitchen Specialist; Loft Conversion Specialist; Painter and decorator; Plasterer / Renderer; Plumber; Roofer; Security systems / Alarms; Specialist Tradesperson; Stoneworker / Stonemason; Tiler; Traditional Craftsperson; Window fitter / Conservatory installer,Newport,https://www.ratedpeople.com/profile/dw-carpentry-newport,ratedpeople
Total Building & Maintenance,,Wooden Staircases,Chippenham,,5,57,07506730349,ratings; memberSince,Builder; Blacksmith / Metal worker; Bricklayer; Carpenter / Joiner; Cleaner; Driveway pavers; Electrician; Gardener / Landscape gardeners; Gas / Heating engineer; Handyperson; Loft Conversion Specialist; Painter and decorator; Plumber; Roofer; Specialist Tradesperson; Traditional Craftsperson; Window fitter / Conservatory installer,Chippenham,https://www.ratedpeople.com/profile/total-building-and-maintenance,ratedpeople
TC Property Renovations,,Wooden Staircases,Road,,5,253,,ratings; memberSince,Builder; Bathroom fitter; Blacksmith / Metal worker; Bricklayer; CCTV / Satellites / Alarms; Carpenter / Joiner; Electrician; Floor fitters; Gardener / Landscape gardeners; Gas / Heating engineer; Kitchen Specialist; Loft Conversion Specialist; Painter and decorator; Plasterer / Renderer; Plumber; Roofer; Security systems / Alarms; Specialist Tradesperson; Stoneworker / Stonemason; Tiler; Traditional Craftsperson; Window fitter / Conservatory installer,Road,https://www.ratedpeople.com/profile/tc-joinery,ratedpeople
NTRT Electrical and Construction Ltd,,Wooden Staircases,Belmont Business Park,,5,133,07453379223,ratings; memberSince,Specialist Tradesperson; Bathroom fitter; Blacksmith / Metal worker; Bricklayer; Builder; CCTV / Satellites / Alarms; Carpenter / Joiner; Cleaner; Driveway pavers; Electrician; Floor fitters; Gardener / Landscape gardeners; Gas / Heating engineer; Handyperson; Kitchen Specialist; Loft Conversion Specialist; Painter and decorator; Plasterer / Renderer; Plumber; Removal Services; Renewable Energy Specialist; Roofer; Security systems / Alarms; Stoneworker / Stonemason; Tiler; Traditional Craftsperson; Window fitter / Conservatory installer,Belmont Business Park,https://www.ratedpeople.com/profile/nikolaos-tatos,ratedpeople
Can Construction,,Wooden Staircases,Bolton,,5,119,,ratings; memberSince,Builder; Blacksmith / Metal worker; Bricklayer; Carpenter / Joiner; Cleaner; Gardener / Landscape gardeners; Loft Conversion Specialist; Painter and decorator; Roofer; Specialist Tradesperson; Stoneworker / Stonemason; Window fitter / Conservatory installer,Bolton,https://www.ratedpeople.com/profile/can-construction,ratedpeople
SJ Building and Plastering Services,,Wooden Staircases,Jarrow,,5,105,07794146812,ratings; memberSince,Builder; Bathroom fitter; Blacksmith / Metal worker; Bricklayer; Carpenter / Joiner; Cleaner; Electrician; Handyperson; Kitchen Specialist; Loft Conversion Specialist; Painter and decorator; Plasterer / Renderer; Plumber; Roofer; Specialist Tradesperson; Stoneworker / Stonemason; Traditional Craftsperson; Window fitter / Conservatory installer,Jarrow,https://www.ratedpeople.com/profile/sj-plastering-serives,ratedpeople
DC Joinery,,Wooden Staircases,wallsend,,5,93,07986104373,ratings; memberSince,Carpenter / Joiner; Builder; Electrician; Floor fitters; Gardener / Landscape gardeners; Handyperson; Kitchen Specialist; Loft Conversion Specialist; Painter and decorator; Plumber; Roofer; Traditional Craftsperson; Window fitter / Conservatory installer,wallsend,https://www.ratedpeople.com/profile/dc-roofline-and-joinery,ratedpeople
SB Construction,,Wooden Staircases,Sunderland,,5,85,,ratings; memberSince,Builder; Bricklayer; Carpenter / Joiner; Drainage Specialist; Driveway pavers; Floor fitters; Gardener / Landscape gardeners; Kitchen Specialist; Loft Conversion Specialist; Painter and decorator; Plasterer / Renderer; Removal Services; Roofer; Specialist Tradesperson; Stoneworker / Stonemason; Window fitter / Conservatory installer,Sunderland,https://www.ratedpeople.com/profile/sb-construction-sunderland,ratedpeople
DMH Contracts,,Wooden Staircases,,,10,77,07831214581,,,,https://www.ratedpeople.com/profile/think-heating,ratedpeople
midland builders,,Wooden Staircases,Notts,,5,76,,ratings; memberSince,Roofer; Bathroom fitter; Blacksmith / Metal worker; Bricklayer; Builder; Carpenter / Joiner; Floor fitters; Kitchen Specialist; Loft Conversion Specialist; Plasterer / Renderer; Plumber; Specialist Tradesperson; Stoneworker / Stonemason; Traditional Craftsperson; Window fitter / Conservatory installer,Notts,https://www.ratedpeople.com/profile/midland-builders-mansfield,ratedpeople
Weardale Construction,,Wooden Staircases,Tyne&wear,,4.5,74,07968966369,ratings; memberSince,Builder; Bathroom fitter; Blacksmith / Metal worker; Bricklayer; Carpenter / Joiner; Cleaner; Electrician; Floor fitters; Gardener / Landscape gardeners; Gas / Heating engineer; Handyperson; Kitchen Specialist; Loft Conversion Specialist; Painter and decorator; Plasterer / Renderer; Plumber; Renewable Energy Specialist; Roofer; Specialist Tradesperson; Stoneworker / Stonemason; Tiler; Traditional Craftsperson; Window fitter / Conservatory installer,Tyne&wear,https://www.ratedpeople.com/profile/weardale-construction,ratedpeople
Rafal Siemiaszko,,Wooden Staircases,Newcastle Upon Tyne,,5,67,,ratings; memberSince,Bathroom fitter; Blacksmith / Metal worker; Bricklayer; Builder; Carpenter / Joiner; Drainage Specialist; Electrician; Floor fitters; Gardener / Landscape gardeners; Gas / Heating engineer; Handyperson; Kitchen Specialist; Loft Conversion Specialist; Painter and decorator; Plasterer / Renderer; Plumber; Roofer; Specialist Tradesperson; Stoneworker / Stonemason; Swimming Pool Specialist; Tiler; Traditional Craftsperson; Window fitter / Conservatory installer,Newcastle Upon Tyne,https://www.ratedpeople.com/profile/rafal-siemiaszko,ratedpeople
T7 ELECTRICAL & BUILDING LTD,,Wooden Staircases,Gateshead,,5,64,07492414410,ratings; memberSince,Electrician; Builder; CCTV / Satellites / Alarms; Carpenter / Joiner; Floor fitters; Gardener / Landscape gardeners; Handyperson; Kitchen Specialist; Loft Conversion Specialist; Plasterer / Renderer; Plumber; Renewable Energy Specialist; Roofer; Security systems / Alarms; Specialist Tradesperson; Traditional Craftsperson; Window fitter / Conservatory installer,Gateshead,https://www.ratedpeople.com/profile/t7-electrical-building,ratedpeople
Buster Construction and Renovations,,Wooden Staircases,Biggar,,5,60,07517633213,ratings; memberSince,Builder; Bathroom fitter; Blacksmith / Metal worker; Bricklayer; CCTV / Satellites / Alarms; Carpenter / Joiner; Cleaner; Drainage Specialist; Driveway pavers; Electrician; Floor fitters; Gardener / Landscape gardeners; Gas / Heating engineer; Handyperson; Kitchen Specialist; Locksmith; Loft Conversion Specialist; Painter and decorator; Pest Control; Plasterer / Renderer; Plumber; Removal Services; Renewable Energy Specialist; Roofer; Security systems / Alarms; Specialist Tradesperson; Stoneworker / Stonemason; Tiler; Traditional Craftsperson; Tree Surgeon; Window fitter / Conservatory installer,Biggar,https://www.ratedpeople.com/profile/buster-construction-and-renovations,ratedpeople
luxury spaces,,Wooden Staircases,Dunfermline,,5,136,07763510006,ratings; memberSince,Builder; Bathroom fitter; Blacksmith / Metal worker; Bricklayer; CCTV / Satellites / Alarms; Carpenter / Joiner; Cleaner; Drainage Specialist; Driveway pavers; Electrician; Floor fitters; Gardener / Landscape gardeners; Gas / Heating engineer; Handyperson; Kitchen Specialist; Locksmith; Loft Conversion Specialist; Painter and decorator; Plasterer / Renderer; Plumber; Renewable Energy Specialist; Roofer; Security systems / Alarms; Specialist Tradesperson; Tiler; Traditional Craftsperson; Window fitter / Conservatory installer,Dunfermline,https://www.ratedpeople.com/profile/aaron-montgomery,ratedpeople
Worktop Expert,,Wooden Staircases,Gateshead,,5,53,,ratings; memberSince,Kitchen Specialist; Builder; Carpenter / Joiner; Electrician; Floor fitters; Gardener / Landscape gardeners; Gas / Heating engineer; Handyperson; Loft Conversion Specialist; Plasterer / Renderer; Plumber; Roofer; Specialist Tradesperson; Stoneworker / Stonemason; Tiler; Traditional Craftsperson; Window fitter / Conservatory installer,Gateshead,https://www.ratedpeople.com/profile/igor-stetsiuk,ratedpeople
Main Builder,,Wooden Staircases,Dumfries,,5,46,07846279269,ratings; memberSince,Bathroom fitter; Blacksmith / Metal worker; Bricklayer; Builder; CCTV / Satellites / Alarms; Carpenter / Joiner; Cleaner; Drainage Specialist; Driveway pavers; Electrician; Floor fitters; Gardener / Landscape gardeners; Gas / Heating engineer; Handyperson; Kitchen Specialist; Locksmith; Loft Conversion Specialist; Painter and decorator; Plasterer / Renderer; Plumber; Removal Services; Renewable Energy Specialist; Roofer; Security systems / Alarms; Specialist Tradesperson; Stoneworker / Stonemason; Tiler; Traditional Craftsperson; Tree Surgeon; Window fitter / Conservatory installer,Dumfries,https://www.ratedpeople.com/profile/main-builder,ratedpeople
TA joinery,,Wooden Staircases,Middlesbrough,,5,45,,ratings; memberSince,Carpenter / Joiner; Blacksmith / Metal worker; Builder; Floor fitters; Gardener / Landscape gardeners; Handyperson; Kitchen Specialist; Loft Conversion Specialist; Plumber; Roofer; Traditional Craftsperson; Window fitter / Conservatory installer,Middlesbrough,https://www.ratedpeople.com/profile/ta-joinery,ratedpeople
mc property maintenance,,Wooden Staircases,County Durham,,4.5,41,07762204783,ratings; memberSince,Builder; Bathroom fitter; Blacksmith / Metal worker; Bricklayer; CCTV / Satellites / Alarms; Carpenter / Joiner; Cleaner; Drainage Specialist; Driveway pavers; Electrician; Floor fitters; Gardener / Landscape gardeners; Gas / Heating engineer; Handyperson; Kitchen Specialist; Locksmith; Loft Conversion Specialist; Painter and decorator; Pest Control; Plasterer / Renderer; Plumber; Roofer; Security systems / Alarms; Specialist Tradesperson; Stoneworker / Stonemason; Tiler; Traditional Craftsperson; Tree Surgeon; Window fitter / Conservatory installer,County Durham,https://www.ratedpeople.com/profile/mc-property-maintenance-durham,ratedpeople
Walsh Home Improvements,,Wooden Staircases,North Shields,,4.5,37,,ratings; memberSince,Builder; Bathroom fitter; Blacksmith / Metal worker; Bricklayer; Carpenter / Joiner; Driveway pavers; Electrician; Floor fitters; Gardener / Landscape gardeners; Gas / Heating engineer; Handyperson; Kitchen Specialist; Loft Conversion Specialist; Plasterer / Renderer; Plumber; Roofer; Specialist Tradesperson; Stoneworker / Stonemason; Swimming Pool Specialist; Traditional Craftsperson; Window fitter / Conservatory installer,North Shields,https://www.ratedpeople.com/profile/walsh-home-improvements,ratedpeople
MH Property Services,,Wooden Staircases,Ponteland,,5,36,,ratings; memberSince,Builder; Bathroom fitter; Blacksmith / Metal worker; Bricklayer; Carpenter / Joiner; Cleaner; Electrician; Kitchen Specialist; Loft Conversion Specialist; Painter and decorator; Plumber; Roofer; Specialist Tradesperson; Window fitter / Conservatory installer,Ponteland,https://www.ratedpeople.com/profile/property-services-northern,ratedpeople
Budex Developments,,Wooden Staircases,Perth,,4.5,47,,ratings,Carpenter / Joiner; Bathroom fitter; Builder; Drainage Specialist; Electrician; Floor fitters; Gardener / Landscape gardeners; Gas / Heating engineer; Handyperson; Kitchen Specialist; Locksmith; Loft Conversion Specialist; Plumber; Renewable Energy Specialist; Roofer; Security systems / Alarms; Specialist Tradesperson; Traditional Craftsperson; Window fitter / Conservatory installer,Perth,https://www.ratedpeople.com/profile/budex-developments,ratedpeople
C Malcolm,,Wooden Staircases,Buckie,,5,39,,ratings; memberSince,Carpenter / Joiner; Bathroom fitter; Builder; Floor fitters; Gardener / Landscape gardeners; Kitchen Specialist; Loft Conversion Specialist; Plumber; Roofer; Stoneworker / Stonemason; Tiler; Traditional Craftsperson; Window fitter / Conservatory installer,Buckie,https://www.ratedpeople.com/profile/c-malcolm,ratedpeople
Neil Middleton,,Wooden Staircases,Banchory,,4.5,22,,ratings; memberSince,Plumber; Bathroom fitter; Blacksmith / Metal worker; Bricklayer; Builder; Carpenter / Joiner; Cleaner; Drainage Specialist; Driveway pavers; Electrician; Floor fitters; Gardener / Landscape gardeners; Gas / Heating engineer; Handyperson; Kitchen Specialist; Loft Conversion Specialist; Painter and decorator; Pest Control; Plasterer / Renderer; Removal Services; Renewable Energy Specialist; Roofer; Security systems / Alarms; Specialist Tradesperson; Stoneworker / Stonemason; Traditional Craftsperson; Tree Surgeon; Window fitter / Conservatory installer,,https://www.ratedpeople.com/profile/neil-middleton,ratedpeople
Swallow Restorations,,Wooden Staircases,Dunoon,,5,18,,ratings; memberSince,Traditional Craftsperson; Builder; Carpenter / Joiner; Floor fitters; Gardener / Landscape gardeners; Kitchen Specialist; Loft Conversion Specialist; Window fitter / Conservatory installer,Dunoon,https://www.ratedpeople.com/profile/swallow-restorations,ratedpeople
JJ Walker Property Development,,Wooden Staircases,Lochgelly,,5,34,07944753688,ratings; memberSince,Builder; Bathroom fitter; Blacksmith / Metal worker; Bricklayer; Carpenter / Joiner; Drainage Specialist; Driveway pavers; Electrician; Floor fitters; Gardener / Landscape gardeners; Gas / Heating engineer; Handyperson; Kitchen Specialist; Loft Conversion Specialist; Painter and decorator; Plasterer / Renderer; Plumber; Removal Services; Roofer; Specialist Tradesperson; Stoneworker / Stonemason; Tiler; Traditional Craftsperson; Window fitter / Conservatory installer,Lochgelly,https://www.ratedpeople.com/profile/jj-property-development,ratedpeople
Home Repair UK,,Wooden Staircases,Motherwell,,5,18,,ratings; memberSince,Carpenter / Joiner; Bathroom fitter; Blacksmith / Metal worker; Bricklayer; Builder; CCTV / Satellites / Alarms; Cleaner; Driveway pavers; Electrician; Floor fitters; Gardener / Landscape gardeners; Gas / Heating engineer; Handyperson; Kitchen Specialist; Locksmith; Loft Conversion Specialist; Painter and decorator; Plasterer / Renderer; Plumber; Removal Services; Renewable Energy Specialist; Roofer; Security systems / Alarms; Specialist Tradesperson; Stoneworker / Stonemason; Tiler; Traditional Craftsperson; Window fitter / Conservatory installer,Motherwell,https://www.ratedpeople.com/profile/home-repair-uk,ratedpeople
Pearl Contracts,,Wooden Staircases,Montrose,,5,14,,ratings; memberSince,Builder; Blacksmith / Metal worker; Bricklayer; Carpenter / Joiner; Cleaner; Drainage Specialist; Driveway pavers; Electrician; Floor fitters; Gardener / Landscape gardeners; Gas / Heating engineer; Handyperson; Loft Conversion Specialist; Painter and decorator; Plasterer / Renderer; Plumber; Removal Services; Renewable Energy Specialist; Roofer; Security systems / Alarms; Specialist Tradesperson; Stoneworker / Stonemason; Tiler; Traditional Craftsperson; Tree Surgeon; Window fitter / Conservatory installer,Montrose,https://www.ratedpeople.com/profile/pearl-contracts,ratedpeople
Precision Projects Stirling,,Wooden Staircases,Falkirk,,5,14,,ratings; memberSince,Carpenter / Joiner; Bathroom fitter; Bricklayer; Builder; Cleaner; Electrician; Floor fitters; Gardener / Landscape gardeners; Handyperson; Kitchen Specialist; Locksmith; Loft Conversion Specialist; Painter and decorator; Plumber; Roofer; Security systems / Alarms; Stoneworker / Stonemason; Traditional Craftsperson; Window fitter / Conservatory installer,Falkirk,https://www.ratedpeople.com/profile/wdjoinery,ratedpeople
freshfield builders ltd,,Wooden Staircases,Keith,,5,12,,ratings; memberSince,Builder; Bathroom fitter; Blacksmith / Metal worker; Bricklayer; Carpenter / Joiner; Cleaner; Drainage Specialist; Driveway pavers; Electrician; Floor fitters; Gardener / Landscape gardeners; Gas / Heating engineer; Handyperson; Loft Conversion Specialist; Painter and decorator; Plasterer / Renderer; Plumber; Roofer; Specialist Tradesperson; Stoneworker / Stonemason; Tiler; Window fitter / Conservatory installer,Keith,https://www.ratedpeople.com/profile/freshfield-builders,ratedpeople
B Allan Groundwork's,,Wooden Staircases,Leven,,5,5,,ratings; memberSince,Builder; Blacksmith / Metal worker; Bricklayer; Carpenter / Joiner; Cleaner; Drainage Specialist; Driveway pavers; Electrician; Floor fitters; Gardener / Landscape gardeners; Gas / Heating engineer; Handyperson; Loft Conversion Specialist; Painter and decorator; Plasterer / Renderer; Plumber; Removal Services; Roofer; Specialist Tradesperson; Stoneworker / Stonemason; Window fitter / Conservatory installer,Leven,https://www.ratedpeople.com/profile/albec-groundworks,ratedpeople
Chytry Services,,Wooden Staircases,Tain,,4.5,3,,memberSince,Painter and decorator; Bathroom fitter; Blacksmith / Metal worker; Builder; Carpenter / Joiner; Electrician; Floor fitters; Gardener / Landscape gardeners; Handyperson; Kitchen Specialist; Loft Conversion Specialist; Plumber; Roofer; Stoneworker / Stonemason; Traditional Craftsperson; Window fitter / Conservatory installer,Tain,https://www.ratedpeople.com/profile/chytry-services,ratedpeople
Mckinlay Contracts LTD,,Wooden Staircases,Perth,,5,2,,memberSince,Builder; Bathroom fitter; Blacksmith / Metal worker; Bricklayer; Carpenter / Joiner; Cleaner; Drainage Specialist; Driveway pavers; Floor fitters; Gardener / Landscape gardeners; Handyperson; Kitchen Specialist; Locksmith; Loft Conversion Specialist; Plasterer / Renderer; Plumber; Removal Services; Roofer; Specialist Tradesperson; Stoneworker / Stonemason; Traditional Craftsperson; Window fitter / Conservatory installer,Perth,https://www.ratedpeople.com/profile/mckinlay-contracts,ratedpeople
Made To Measure Joinery,,Wooden Staircases,Terrace,,4.5,2,,memberSince,Carpenter / Joiner; Bathroom fitter; Blacksmith / Metal worker; Builder; Floor fitters; Gardener / Landscape gardeners; Handyperson; Kitchen Specialist; Locksmith; Loft Conversion Specialist; Painter and decorator; Plasterer / Renderer; Plumber; Roofer; Security systems / Alarms; Specialist Tradesperson; Stoneworker / Stonemason; Tiler; Traditional Craftsperson; Window fitter / Conservatory installer,Terrace,https://www.ratedpeople.com/profile/piter-property-refurbishment,ratedpeople
Rated People,,Wooden Staircases,London,,0,0,,memberSince,Electrician; Bathroom fitter; Blacksmith / Metal worker; Bricklayer; Builder; CCTV / Satellites / Alarms; Carpenter / Joiner; Cleaner; Drainage Specialist; Driveway pavers; Floor fitters; Gardener / Landscape gardeners; Gas / Heating engineer; Handyperson; Kitchen Specialist; Locksmith; Loft Conversion Specialist; Painter and decorator; Pest Control; Plasterer / Renderer; Plumber; Removal Services; Roofer; Security systems / Alarms; Specialist Tradesperson; Stoneworker / Stonemason; Swimming Pool Specialist; Tiler; Traditional Craftsperson; Tree Surgeon; Window fitter / Conservatory installer,London,https://www.ratedpeople.com/profile/rated-people-2647620491143,ratedpeople
JH Roofing & Building,,Wooden Staircases,Cowdenbeath,,0,0,,,Roofer; Bathroom fitter; Blacksmith / Metal worker; Bricklayer; Builder; CCTV / Satellites / Alarms; Carpenter / Joiner; Cleaner; Drainage Specialist; Driveway pavers; Electrician; Floor fitters; Gardener / Landscape gardeners; Gas / Heating engineer; Handyperson; Kitchen Specialist; Loft Conversion Specialist; Painter and decorator; Plasterer / Renderer; Plumber; Removal Services; Renewable Energy Specialist; Security systems / Alarms; Specialist Tradesperson; Stoneworker / Stonemason; Traditional Craftsperson; Tree Surgeon; Window fitter / Conservatory installer,Cowdenbeath,https://www.ratedpeople.com/profile/jh-roofing-and-building,ratedpeople