company_name,owner_name,trade_type,location,website_url,overall_rating,review_count,phone,verification_status,services,coverage_area,member_since,profile_url,source_platform
JMac Builders,,Carpenter,,,4.8,85,,ID Checked,,,2002,https://www.myjobquote.co.uk/t/jmac-builders,myjobquote
Brian Bolger,,Carpenter,,,5,59,,ID Checked,,,1998,https://www.myjobquote.co.uk/t/brian-bolger,myjobquote
Velchev89 construction LTD,,Carpenter,,,5,24,,ID Checked,,,2015,https://www.myjobquote.co.uk/t/velchev89-construction-ltd,myjobquote
Murtadah,,Carpenter,,,5,23,,ID Checked,,,2020,https://www.myjobquote.co.uk/t/murtadah,myjobquote
VDB Wood Work & Maintenance,,Carpenter,,,5,19,,ID Checked; Public Liability Insurance,,,2016,https://www.myjobquote.co.uk/t/vdb-wood-work-maintenance,myjobquote
Don’t have a business name,,Carpenter,,,5,16,,ID Checked,,,2025,https://www.myjobquote.co.uk/t/dont-have-a-business-name-6,myjobquote
2Stay Construction,,Carpenter,,,5,14,,ID Checked,,,2015,https://www.myjobquote.co.uk/t/2stay-construction,myjobquote
NJP Installations,,Carpenter,,,5,13,,ID Checked,,,1995,https://www.myjobquote.co.uk/t/njp-installations,myjobquote
Elun interior construction group ltd,,Carpenter,,,5,8,,ID Checked,,,1997,https://www.myjobquote.co.uk/t/elun-interior-construction-group-ltd,myjobquote
Albion Building Services,,Carpenter,,,5,3,,ID Checked,,,1991,https://www.myjobquote.co.uk/t/albion-building-services,myjobquote
Vlad Bargau,,Carpenter,,,5,3,,ID Checked,,,2011,https://www.myjobquote.co.uk/t/vlad-bargau,myjobquote
K & Son Property Solutions,,Carpenter,,,5,3,,ID Checked,,,2010,https://www.myjobquote.co.uk/t/k-son-property-solutions,myjobquote
Jake Mitchell Carpentry & Joinery,,Carpenter,,,5,1,,ID Checked; Public Liability Insurance,,,2020,https://www.myjobquote.co.uk/t/jake-mitchell-carpentry-joinery,myjobquote
Mark Atkins Carpentry,,Carpenter,,,5,14,,ID Checked,,,2013,https://www.myjobquote.co.uk/t/mark-atkins-carpentry,myjobquote
JT Kitchen Installation,,Carpenter,,,5,7,,ID Checked; Public Liability Insurance,,,2016,https://www.myjobquote.co.uk/t/jt-kitchen-installation,myjobquote
Joni Cota,,Carpenter,,,5,4,07418340229,ID Checked,,,Jun 2025,https://www.myjobquote.co.uk/t/joni-cota,myjobquote
mirek,,Carpenter,,,5,3,,ID Checked,,,2013,https://www.myjobquote.co.uk/t/mirek-8,myjobquote
Morgan&#039;s Maintenance,,Carpenter,,,5,3,,ID Checked,,,2025,https://www.myjobquote.co.uk/t/morgans-maintenance-1,myjobquote
Truecraft building and carpentry,,Carpenter,,,5,1,,ID Checked; Public Liability Insurance,,,2018,https://www.myjobquote.co.uk/t/truecraft-building-and-carpentry,myjobquote
NMW Carpentry & Building Ltd,,Carpenter,,,5,1,,ID Checked; Public Liability Insurance,,,2018,https://www.myjobquote.co.uk/t/nmw-carpentry-building-ltd,myjobquote
JBS Construction,,Carpenter,,,5,2,,ID Checked,,,2012,https://www.myjobquote.co.uk/t/jbs-construction-3,myjobquote
MDF Interior,,Carpenter,,,5,3,,ID Checked,,,Jul 2025,https://www.myjobquote.co.uk/t/mdf-interior,myjobquote
Terrytrade,,Carpenter,,,5,29,,ID Checked,,,2000,https://www.myjobquote.co.uk/t/terrytrade,myjobquote
CY Trades,,Carpenter,,,5,10,,ID Checked,,,1999,https://www.myjobquote.co.uk/t/cy-trades,myjobquote
Harjoyt Phull,,Carpenter,,,5,33,,ID Checked,,,2024,https://www.myjobquote.co.uk/t/harjoyt-phull,myjobquote
Pro Dryliner Ltd,,Carpenter,,,5,17,07418369558,ID Checked,,,2020,https://www.myjobquote.co.uk/t/pro-dryliner-ltd,myjobquote
Vision doors and windows,,Carpenter,,,5,8,,ID Checked; Public Liability Insurance,,,2016,https://www.myjobquote.co.uk/t/vision-doors-and-windows,myjobquote
Katkim,,Carpenter,,,5,8,,ID Checked,,,2017,https://www.myjobquote.co.uk/t/katkim,myjobquote
Ervis Cakoni,,Carpenter,,,5,5,,ID Checked,,,2019,https://www.myjobquote.co.uk/t/ervis-cakoni,myjobquote
Mgl sash windows and doors ltd,,Carpenter,,,5,1,,ID Checked,,,Jun 2024,https://www.myjobquote.co.uk/t/mgl-sash-windows-and-doors-ltd,myjobquote
David,,Carpenter,,,5,1,,ID Checked,,,2022,https://www.myjobquote.co.uk/t/david-388,myjobquote
Bentley’s,,Carpenter,,,5,17,,ID Checked,,,2004,https://www.myjobquote.co.uk/t/bentleys,myjobquote
Anadimukt construction,,Carpenter,,,5,6,,ID Checked,,,2022,https://www.myjobquote.co.uk/t/anadimukt-construction,myjobquote
RJs Drylining,,Carpenter,,,5,4,,ID Checked,,,2023,https://www.myjobquote.co.uk/t/rjs-drylining,myjobquote
James Trim,,Carpenter,,,5,1,,ID Checked; Public Liability Insurance,,,1996,https://www.myjobquote.co.uk/t/james-trim,myjobquote
Robert,,Carpenter,,,5,26,,ID Checked; Public Liability Insurance,,,2002,https://www.myjobquote.co.uk/t/robert-152,myjobquote
MSG Design Ltd,,Carpenter,,,5,26,07418374742,ID Checked,,,2018,https://www.myjobquote.co.uk/t/msg-design-ltd,myjobquote
Jrlandsons ltd,,Carpenter,,,5,3,,ID Checked,,,2024,https://www.myjobquote.co.uk/t/jrlandsons-ltd,myjobquote
Julian MasterKraft,,Carpenter,,,5,80,07418369622,ID Checked; Public Liability Insurance,,,2010,https://www.myjobquote.co.uk/t/julian-masterkraft,myjobquote
Fully Active Building Services Limited,,Carpenter,,,5,63,,ID Checked,,,Aug 2020,https://www.myjobquote.co.uk/t/fully-active-building-services-limited,myjobquote
JKs Plastering & Building Services,,Carpenter,,,5,18,,ID Checked,,,2001,https://www.myjobquote.co.uk/t/jks-plastering-building-services,myjobquote
Building Blueprints,,Carpenter,,,5,2,,ID Checked,,,2010,https://www.myjobquote.co.uk/t/building-blueprints,myjobquote
H G Witcher Carpentry,,Carpenter,,,5,1,,ID Checked,,,Oct 2020,https://www.myjobquote.co.uk/t/h-g-witcher-carpentry,myjobquote
BE4 construction ltd,,Carpenter,,,5,6,,ID Checked; Public Liability Insurance,,,Apr 2025,https://www.myjobquote.co.uk/t/be4-construction-ltd,myjobquote
Zulfikor,,Carpenter,,,5,2,,ID Checked,,,2022,https://www.myjobquote.co.uk/t/zulfikor,myjobquote
Handyman Service,,Carpenter,,,5,1,,ID Checked,,,2022,https://www.myjobquote.co.uk/t/handyman-service-23,myjobquote
Prime Handyman,,Carpenter,,,5,1,,ID Checked,,,2025,https://www.myjobquote.co.uk/t/prime-handyman,myjobquote
Painter Decorator Services,,Carpenter,,,4,23,,ID Checked,,,2018,https://www.myjobquote.co.uk/t/painter-decorator-services-1,myjobquote
Stephen Webster,,Carpenter,,,5,1,,ID Checked,,,Jul 2023,https://www.myjobquote.co.uk/t/stephen-webster,myjobquote
Orest,,Carpenter,,,5,1,,ID Checked,,,Dec 2025,https://www.myjobquote.co.uk/t/orest-5,myjobquote
N. Prior,,Carpenter,,,5,1,,ID Checked,,,1990,https://www.myjobquote.co.uk/t/n-prior,myjobquote
DanCarpentry,,Carpenter,,,5,11,,ID Checked,,,2010,https://www.myjobquote.co.uk/t/dancarpentry,myjobquote
WALMAR maintanance services,,Carpenter,,,5,1,,ID Checked,,,2018,https://www.myjobquote.co.uk/t/walmar-maintanance-services,myjobquote
louisa_ellis@btinternet.com,,Carpenter,,,5,1,,ID Checked,,,Jan 2026,https://www.myjobquote.co.uk/t/louisa-ellis-at-btinternetcom,myjobquote
Solo trade,,Carpenter,,,5,1,,ID Checked,,,2025,https://www.myjobquote.co.uk/t/solo-trade-5,myjobquote
AE maintenance - improvement,,Carpenter,,,5,1,,ID Checked,,,2025,https://www.myjobquote.co.uk/t/ae-maintenance-improvement-1,myjobquote
Peter Opariu,,Carpenter,,,4,1,,ID Checked,,,2007,https://www.myjobquote.co.uk/t/peter-opariu,myjobquote
DN dryliners ltd,,Carpenter,,,5,1,,ID Checked,,,2017,https://www.myjobquote.co.uk/t/dn-dryliners-ltd,myjobquote
Intra design and build,,Carpenter,,,5,1,,ID Checked,,,2012,https://www.myjobquote.co.uk/t/intra-design-and-build,myjobquote
David general construction LTD,,Carpenter,,,5,1,,ID Checked,,,2016,https://www.myjobquote.co.uk/t/david-general-construction-ltd,myjobquote
Derek Gilchrist,,Carpenter,,,5,1,,ID Checked,,,2021,https://www.myjobquote.co.uk/t/derek-gilchrist,myjobquote
De La Cruz  general maintenance,,Carpenter,,,5,1,,ID Checked,,,2012,https://www.myjobquote.co.uk/t/de-la-cruz-general-maintenance,myjobquote
Johnson’s landscaping services,,Carpenter,,,5,1,,ID Checked,,,2024,https://www.myjobquote.co.uk/t/johnsons-landscaping-services,myjobquote
Boyd&#039;s Carpentry,,Carpenter,,,5,1,,ID Checked,,,Aug 2023,https://www.myjobquote.co.uk/t/boyds-carpentry,myjobquote
Karl Dickinson,,Carpenter,,,5,17,,ID Checked,,,Nov 2024,https://www.myjobquote.co.uk/t/karl-dickinson,myjobquote
AI Building and Roofing Ltd,,Carpenter,,,5,8,,ID Checked,,,2025,https://www.myjobquote.co.uk/t/ai-building-and-roofing-ltd,myjobquote
DP Quality Construction,,Carpenter,,,5,4,,ID Checked,,,2015,https://www.myjobquote.co.uk/t/dp-quality-construction,myjobquote
LCD Ltd,,Carpenter,,,5,38,,ID Checked,,,2016,https://www.myjobquote.co.uk/t/lcd-ltd,myjobquote
Peter,,Carpenter,,,4,14,,ID Checked,,,Jun 2018,https://www.myjobquote.co.uk/t/peter-75,myjobquote
Joiner Xpert,,Carpenter,,,5,2,,ID Checked,,,2000,https://www.myjobquote.co.uk/t/joiner-xpert,myjobquote
JJM Construction,,Carpenter,,,4.7,3,,ID Checked,,,2012,https://www.myjobquote.co.uk/t/jjm-construction-1,myjobquote
THANAS SINANI,,Carpenter,,,4.7,3,,ID Checked,,,1993,https://www.myjobquote.co.uk/t/thanas-sinani,myjobquote
shuaib,,Carpenter,,,5,1,,ID Checked,,,2021,https://www.myjobquote.co.uk/t/shuaib-2,myjobquote
Constantin,,Carpenter,,,5,10,,ID Checked,,,Dec 2025,https://www.myjobquote.co.uk/t/constantin-59,myjobquote
Handypaddy Designs,,Carpenter,,,5,2,,ID Checked,,,2016,https://www.myjobquote.co.uk/t/handypaddy-designs,myjobquote
Aiman&#039;s Trade Services,,Carpenter,,,3,1,,ID Checked,,,1998,https://www.myjobquote.co.uk/t/aimans-trade-services,myjobquote
Ermandbudo,,Carpenter,,,3,1,,ID Checked,,,May 2025,https://www.myjobquote.co.uk/t/ermandbudo,myjobquote
MasterFix London,,Carpenter,,,1,1,,ID Checked,,,Apr 2024,https://www.myjobquote.co.uk/t/masterfix-london,myjobquote
P & P Woodworking,,Carpenter,,,4.68,0,,ID Checked,,,1981,https://www.myjobquote.co.uk/t/p-p-woodworking,myjobquote
Chorley Renovations,,Carpenter,,,4.68,0,,ID Checked,,,Jun 2023,https://www.myjobquote.co.uk/t/chorley-renovations,myjobquote
Andrei,,Carpenter,,,4.68,0,,,,,Sep 2023,https://www.myjobquote.co.uk/t/andrei-86,myjobquote
RICHWOOD CARPENTRY LTD,,Carpenter,,,4.68,0,,,,,Sep 2023,https://www.myjobquote.co.uk/t/richwood-carpentry-ltd,myjobquote
QASM construction company,,Carpenter,,,4.68,0,,,,,Jun 2024,https://www.myjobquote.co.uk/t/qasm-construction-company,myjobquote
Tim Carpenter,,Carpenter,,,4.68,0,,ID Checked,,,1999,https://www.myjobquote.co.uk/t/tim-carpenter,myjobquote
Tim Carpenter,,Carpenter,,,4.68,0,,ID Checked,,,Sep 2024,https://www.myjobquote.co.uk/t/vitalijus-6,myjobquote
Vitalijus,,Carpenter,,,4.68,0,,ID Checked; Public Liability Insurance,,,2022,https://www.myjobquote.co.uk/t/jjr-construction-limited,myjobquote
G.H.Jones Carpentry,,Carpenter,,,4.68,0,,ID Checked,,,Oct 2024,https://www.myjobquote.co.uk/t/ghjones-carpentry,myjobquote
Joe Camden Carpentry Ltd,,Carpenter,,,4.68,0,,ID Checked,,,2024,https://www.myjobquote.co.uk/t/joe-camden-carpentry-ltd,myjobquote
Eugene&#039;s,,Carpenter,,,4.68,0,,ID Checked,,,1998,https://www.myjobquote.co.uk/t/eugenes,myjobquote
König,,Carpenter,,,4.68,0,,ID Checked,,,May 2016,https://www.myjobquote.co.uk/t/konig,myjobquote
König,,Carpenter,,,4.68,0,,,,,Sep 2022,https://www.myjobquote.co.uk/t/crafted-by-sid,myjobquote
Savov & Son ltd,,Carpenter,,,4.68,0,,ID Checked,,,2019,https://www.myjobquote.co.uk/t/savov-son-ltd,myjobquote
Arnold,,Carpenter,,,4.68,0,,ID Checked,,,Jul 2022,https://www.myjobquote.co.uk/t/arnold-4,myjobquote
Arnold,,Carpenter,,,4.68,0,,,,,May 2023,https://www.myjobquote.co.uk/t/maxims-building-solutions,myjobquote
Maxims Building Solutions,,Carpenter,,,4.68,0,,ID Checked,,,2015,https://www.myjobquote.co.uk/t/remdraly-design-ltd,myjobquote
ODG JOINERY,,Carpenter,,,4.68,0,,ID Checked,,,Feb 2017,https://www.myjobquote.co.uk/t/odg-joinery,myjobquote
j-yo.designservice,,Carpenter,,,4.68,0,,,,,Jul 2024,https://www.myjobquote.co.uk/t/j-yodesignservice-1,myjobquote
j-yo.designservice,,Carpenter,,,4.68,0,,,,,Mar 2023,https://www.myjobquote.co.uk/t/valentin-sirbu,myjobquote
Valentin Sirbu,,Carpenter,,,4.68,0,,,,,Apr 2025,https://www.myjobquote.co.uk/t/mk-building-services-3,myjobquote
Carpenter jobs,,Carpenter,,,4.68,0,,,,,2021,https://www.myjobquote.co.uk/t/carpenter-jobs,myjobquote
Tony McInerney,,Carpenter,,,5,2,,ID Checked,,,2015,https://www.myjobquote.co.uk/t/tony-mcinerney,myjobquote
PM Contractors ltd,,Carpenter,,,5,22,,ID Checked,,,2003,https://www.myjobquote.co.uk/t/pm-contractors-ltd,myjobquote
TIELO Property Services,,Carpenter,,,5,4,,ID Checked,,,2021,https://www.myjobquote.co.uk/t/tielo-property-services,myjobquote
Darren Phillips furniture,,Carpenter,,,5,15,,ID Checked,,,2019,https://www.myjobquote.co.uk/t/darren-phillips-furniture,myjobquote
Steven Pollock,,Carpenter,,,5,22,,ID Checked,,,2008,https://www.myjobquote.co.uk/t/steven-pollock,myjobquote
G W Carpentry And Handyman Services,,Carpenter,,,4,3,,ID Checked,,,Nov 2025,https://www.myjobquote.co.uk/t/g-w-carpentry-and-handyman-services,myjobquote
Martin leslie,,Carpenter,,,5,25,,ID Checked,,,1989,https://www.myjobquote.co.uk/t/martin-leslie,myjobquote
Locks carpentry and joinery,,Carpenter,,,5,1,,ID Checked,,,Sep 2024,https://www.myjobquote.co.uk/t/locks-carpentry-and-joinery,myjobquote
Camtom,,Carpenter,,,5,5,,ID Checked,,,2002,https://www.myjobquote.co.uk/t/camtom,myjobquote
Bespoke4you,,Carpenter,,,5,1,,ID Checked,,,Aug 2025,https://www.myjobquote.co.uk/t/bespoke4you,myjobquote
Woodworks,,Carpenter,,,5,5,,ID Checked,,,1984,https://www.myjobquote.co.uk/t/woodworks-4,myjobquote
David Parrett,,Carpenter,,,5,2,,ID Checked; Public Liability Insurance,,,1986,https://www.myjobquote.co.uk/t/david-parrett,myjobquote
Lyons Carpentry Contractors Ltd,,Carpenter,,,5,6,07418370134,ID Checked; Public Liability Insurance,,,2018,https://www.myjobquote.co.uk/t/lyons-carpentry-contractors-ltd,myjobquote
C.P.H Builders,,Carpenter,,,5,5,,ID Checked,,,1985,https://www.myjobquote.co.uk/t/cph-builders,myjobquote
Aurelijus Kovaliovas&#039;s Carpenter & Joinery Services,,Carpenter,,,5,1,,ID Checked,,,2002,https://www.myjobquote.co.uk/t/aurelijus-kovaliovass-carpenter-joinery-services,myjobquote
Carpenter Son Ltd,,Carpenter,,,5,17,,ID Checked; Public Liability Insurance,,,2015,https://www.myjobquote.co.uk/t/carpenter-son-ltd,myjobquote
RB carpentry,,Carpenter,,,5,1,,ID Checked,,,2025,https://www.myjobquote.co.uk/t/rb-carpentry-6,myjobquote
O&A Carpentry,,Carpenter,,,5,3,,ID Checked,,,2024,https://www.myjobquote.co.uk/t/oa-carpentry,myjobquote
Woodworking,,Carpenter,,,5,1,,ID Checked,,,2014,https://www.myjobquote.co.uk/t/woodworking-1,myjobquote
Empire interiors,,Carpenter,,,5,2,,ID Checked,,,Apr 2025,https://www.myjobquote.co.uk/t/empire-interiors,myjobquote
Kristjan Construction,,Carpenter,,,5,1,,ID Checked,,,,https://www.myjobquote.co.uk/t/kristjan-construction,myjobquote
Pine and Plant Services LTD,,Carpenter,,,5,2,,ID Checked,,,2025,https://www.myjobquote.co.uk/t/pine-and-plant-services-ltd,myjobquote
Atelier Allure,,Carpenter,,,5,6,,ID Checked; Public Liability Insurance,,,2014,https://www.myjobquote.co.uk/t/atelier-allure,myjobquote
IM Construction Service LTD,,Carpenter,,,5,2,,ID Checked,,,2013,https://www.myjobquote.co.uk/t/im-construction-service-ltd,myjobquote
S&G Building Solutions,,Carpenter,,,5,4,,ID Checked,,,1998,https://www.myjobquote.co.uk/t/sg-building-solutions,myjobquote
KELVIN STILLWELL,,Carpenter,,,5,20,,ID Checked,,,2019,https://www.myjobquote.co.uk/t/kelvin-stillwell,myjobquote
JEP Property Ltd,,Carpenter,,,5,19,,ID Checked,,,2005,https://www.myjobquote.co.uk/t/jep-property-ltd,myjobquote
H Carpentry & Building,,Carpenter,,,5,14,,ID Checked,,,1976,https://www.myjobquote.co.uk/t/h-carpentry-building,myjobquote
Shedly,,Carpenter,,,5,6,,ID Checked,,,2016,https://www.myjobquote.co.uk/t/shedly,myjobquote
Humphrey Carpentry,,Carpenter,,,5,1,,ID Checked,,,Oct 2025,https://www.myjobquote.co.uk/t/humphrey-carpentry,myjobquote
Joinery and carpentry from Mike,,Carpenter,,,5,1,,ID Checked,,,Oct 2025,https://www.myjobquote.co.uk/t/joinery-and-carpentry-from-mike,myjobquote
Ion Carp,,Carpenter,,,5,4,,ID Checked; Public Liability Insurance,,,2018,https://www.myjobquote.co.uk/t/ion-carp,myjobquote
K j carpentry,,Carpenter,,,5,7,,ID Checked; Public Liability Insurance,,,2024,https://www.myjobquote.co.uk/t/k-j-carpentry,myjobquote
777Construct Limited,,Carpenter,,,5,2,,ID Checked,,,2022,https://www.myjobquote.co.uk/t/777construct-limited,myjobquote
Dion construction ltd,,Carpenter,,,5,4,,ID Checked,,,2015,https://www.myjobquote.co.uk/t/dion-construction-ltd,myjobquote
LX2 Carpentry & Construction,,Carpenter,,,5,1,,ID Checked,,,Aug 2023,https://www.myjobquote.co.uk/t/lx2-carpentry-construction,myjobquote
Daniel predescu,,Carpenter,,,5,9,07451260826,ID Checked,,,2010,https://www.myjobquote.co.uk/t/daniel-predescu,myjobquote
ReForma UK,,Carpenter,,,4.8,4,,,,,2015,https://www.myjobquote.co.uk/t/reforma-uk,myjobquote
Hnl refurbishments,,Carpenter,,,5,44,,ID Checked,,,2016,https://www.myjobquote.co.uk/t/hnl-refurbishments,myjobquote
PRO JOINERY,,Carpenter,,,5,1,,ID Checked,,,Nov 2016,https://www.myjobquote.co.uk/t/pro-joinery-3,myjobquote
Dale Burrett Build,,Carpenter,,,5,2,,ID Checked,,,2010,https://www.myjobquote.co.uk/t/dale-burrett-build,myjobquote
Higgins&Coltd,,Carpenter,,,5,19,,ID Checked,,,2012,https://www.myjobquote.co.uk/t/higginscoltd,myjobquote
RT Carpentry & Joinery Services,,Carpenter,,,5,1,,ID Checked,,,2002,https://www.myjobquote.co.uk/t/rt-carpentry-joinery-services,myjobquote
Skilled Building Services,,Carpenter,,,4.7,1,,ID Checked,,,2011,https://www.myjobquote.co.uk/t/skilled-building-services,myjobquote
Top tier Handyman,,Carpenter,,,4.68,0,,ID Checked,,,Jan 2019,https://www.myjobquote.co.uk/t/top-tier-handyman-2,myjobquote
Costa,,Carpenter,,,4.68,0,,ID Checked,,,Nov 2025,https://www.myjobquote.co.uk/t/costa-19,myjobquote
Artdaka furnitures,,Carpenter,,,4.68,0,,ID Checked,,,Jan 2024,https://www.myjobquote.co.uk/t/artdaka-furnitures,myjobquote
Florin Glava,,Carpenter,,,4.68,0,,ID Checked,,,May 2023,https://www.myjobquote.co.uk/t/florin-glava,myjobquote
Florin Glava,,Carpenter,,,4.68,0,,ID Checked,,,2012,https://www.myjobquote.co.uk/t/punk-furnishings,myjobquote
Pedro Henrique Elias dos Santos,,Carpenter,,,4.68,0,,ID Checked,,,Jan 2021,https://www.myjobquote.co.uk/t/pedro-henrique-elias-dos-santos,myjobquote
Pedro Henrique Elias dos Santos,,Carpenter,,,4.68,0,,ID Checked,,,Jan 2024,https://www.myjobquote.co.uk/t/barry-builder-ltd,myjobquote
Barry builder Ltd,,Carpenter,,,4.68,0,,ID Checked,,,2024,https://www.myjobquote.co.uk/t/acm-construction,myjobquote
d latenkov,,Carpenter,,,4.68,0,,ID Checked,,,Nov 2022,https://www.myjobquote.co.uk/t/d-latenkov,myjobquote
Beyer carpentry,,Carpenter,,,4.68,0,,ID Checked,,,,https://www.myjobquote.co.uk/t/beyer-carpentry,myjobquote
Felix Bradshaw,,Carpenter,,,4.68,0,,ID Checked,,,Sep 2025,https://www.myjobquote.co.uk/t/felix-bradshaw,myjobquote
Look_as Service,,Carpenter,,,4.68,0,,ID Checked,,,2019,https://www.myjobquote.co.uk/t/look-as-service,myjobquote
Johncarpe,,Carpenter,,,4.68,0,,ID Checked,,,Feb 2023,https://www.myjobquote.co.uk/t/johncarpe,myjobquote
Sy&#039;s Woodworks,,Carpenter,,,4.68,0,,ID Checked,,,2014,https://www.myjobquote.co.uk/t/sys-woodworks,myjobquote
Andrei,,Carpenter,,,4.68,0,,ID Checked,,,Jun 2020,https://www.myjobquote.co.uk/t/andrei-105,myjobquote
Andrei,,Carpenter,,,4.68,0,,ID Checked,,,2025,https://www.myjobquote.co.uk/t/ms-handyman-carpentry-services,myjobquote
JH Carpentry,,Carpenter,,,4.68,0,,ID Checked,,,Dec 2025,https://www.myjobquote.co.uk/t/jh-carpentry-5,myjobquote
JH Carpentry,,Carpenter,,,4.68,0,,,,,Nov 2024,https://www.myjobquote.co.uk/t/paul-patterson,myjobquote
Paul Patterson,,Carpenter,,,4.68,0,,ID Checked,,,May 2023,https://www.myjobquote.co.uk/t/lee-archie-carpentry,myjobquote
Lee & Archie Carpentry,,Carpenter,,,4.68,0,,ID Checked,,,2019,https://www.myjobquote.co.uk/t/mgc-co-carpentry-ltd,myjobquote
San fire protection ltd,,Carpenter,,,4.68,0,,ID Checked,,,Feb 2019,https://www.myjobquote.co.uk/t/san-fire-protection-ltd,myjobquote
San fire protection ltd,,Carpenter,,,4.68,0,,ID Checked,,,Apr 2024,https://www.myjobquote.co.uk/t/liviu-15,myjobquote
Yearwood carpentry & construction,,Carpenter,,,5,4,,ID Checked; Public Liability Insurance,,,Nov 2022,https://www.myjobquote.co.uk/t/yearwood-carpentry-construction,myjobquote
Atz construction & maintenance ltd,,Carpenter,,,5,6,,ID Checked,,,2017,https://www.myjobquote.co.uk/t/atz-construction-maintenance-ltd,myjobquote
Xps construction and skills learning ltd,,Carpenter,,,4.68,0,,ID Checked,,,2021,https://www.myjobquote.co.uk/t/xps-construction-and-skills-learning-ltd,myjobquote
ANGLE BUILDING COMPANY,,Carpenter,,,5,3,,ID Checked,,,2025,https://www.myjobquote.co.uk/t/angle-building-company,myjobquote
M&R Joinery,,Carpenter,,,5,11,,ID Checked; Public Liability Insurance,,,2024,https://www.myjobquote.co.uk/t/mr-joinery-3,myjobquote
Oak & Stone Wood Craft,,Carpenter,,,5,8,,ID Checked,,,2013,https://www.myjobquote.co.uk/t/oak-stone-wood-craft,myjobquote
Reliable property services,,Carpenter,,,5,4,,ID Checked; Public Liability Insurance,,,2026,https://www.myjobquote.co.uk/t/reliable-property-services,myjobquote
3Sixty Home Services,,Carpenter,,,5,8,,ID Checked,,,2020,https://www.myjobquote.co.uk/t/3sixty-home-services,myjobquote
Legacy joinery,,Carpenter,,,5,3,,ID Checked,,,2025,https://www.myjobquote.co.uk/t/legacy-joinery,myjobquote
MH Joinery,,Carpenter,,,5,32,,ID Checked,,,2025,https://www.myjobquote.co.uk/t/mh-joinery-6,myjobquote
ALT Joinery & Building,,Carpenter,,,4,16,07451260557,ID Checked,,,2019,https://www.myjobquote.co.uk/t/alt-joinery-building,myjobquote
Steve Clapperton joinery,,Carpenter,,,5,1,,ID Checked,,,Oct 2019,https://www.myjobquote.co.uk/t/steve-clapperton-joinery,myjobquote
RT Services,,Carpenter,,,5,2,,ID Checked,,,Feb 2026,https://www.myjobquote.co.uk/t/rt-services-3,myjobquote
Strand Home Improvements,,Carpenter,,,5,7,,ID Checked,,,1999,https://www.myjobquote.co.uk/t/strand-home-improvements,myjobquote
Handywomenworks,,Carpenter,,,5,26,,ID Checked,,,Feb 2024,https://www.myjobquote.co.uk/t/handywomenworks,myjobquote
SC Joinery & Flooring,,Carpenter,,,5,1,,ID Checked,,,2022,https://www.myjobquote.co.uk/t/sc-joinery-flooring,myjobquote
CJK Joinery,,Carpenter,,,5,2,,ID Checked,,,2019,https://www.myjobquote.co.uk/t/cjk-joinery,myjobquote
LB Joinery,,Carpenter,,,5,1,,ID Checked,,,Jan 2026,https://www.myjobquote.co.uk/t/lb-joinery-2,myjobquote
Estuary Carpentry,,Carpenter,,,5,1,,ID Checked,,,Feb 2024,https://www.myjobquote.co.uk/t/estuary-carpentry,myjobquote
RB Contractor,,Carpenter,,,5,17,,ID Checked,,,2022,https://www.myjobquote.co.uk/t/rb-contractor,myjobquote
OLM Property Solutions Ltd,,Carpenter,,,5,6,,ID Checked; Public Liability Insurance,,,2024,https://www.myjobquote.co.uk/t/olm-property-solutions-ltd,myjobquote
R Hunter Joinery Services,,Carpenter,,,5,14,,ID Checked; Public Liability Insurance,,,2010,https://www.myjobquote.co.uk/t/r-hunter-joinery-services,myjobquote
Clyde decking solutions ltd,,Carpenter,,,5,1,,ID Checked,,,2023,https://www.myjobquote.co.uk/t/clyde-decking-solutions-ltd-1,myjobquote
JDK joiners,,Carpenter,,,5,3,,ID Checked,,,1995,https://www.myjobquote.co.uk/t/jdk-joiners,myjobquote
Gary Swordy,,Carpenter,,,5,3,,ID Checked,,,1990,https://www.myjobquote.co.uk/t/gary-swordy,myjobquote
Mark54,,Carpenter,,,4.68,0,,ID Checked,,,May 2019,https://www.myjobquote.co.uk/t/mark54,myjobquote
Stan&#039;s joinery,,Carpenter,,,4.68,0,,ID Checked,,,Jun 2023,https://www.myjobquote.co.uk/t/stans-joinery,myjobquote
Dna property solutions,,Carpenter,,,4.68,0,,ID Checked,,,Jun 2025,https://www.myjobquote.co.uk/t/dna-property-solutions,myjobquote
Coyle Joinery and Roofing,,Carpenter,,,4.68,0,,,,,Apr 2023,https://www.myjobquote.co.uk/t/coyle-joinery-and-roofing,myjobquote
PRjoinery,,Carpenter,,,4.68,0,,,,,Jan 2026,https://www.myjobquote.co.uk/t/prjoinery,myjobquote
j book carpentry,,Carpenter,,,4.68,0,,ID Checked,,,Mar 2026,https://www.myjobquote.co.uk/t/j-book-carpentry,myjobquote
MyHandybro,,Carpenter,,,4.9,44,,ID Checked,,,2018,https://www.myjobquote.co.uk/t/myhandybro,myjobquote
Jklpro maintenance,,Carpenter,,,5,62,,ID Checked,,,2020,https://www.myjobquote.co.uk/t/jklpro-maintenance,myjobquote
Shaun bozier home improvements,,Carpenter,,,5,236,,ID Checked,,,1989,https://www.myjobquote.co.uk/t/shaun-bozier-home-improvements,myjobquote
Kenneth Farrell,,Carpenter,,,5,20,,ID Checked; Public Liability Insurance,,,2021,https://www.myjobquote.co.uk/t/kenneth-farrell,myjobquote
LOVE-IT JOINERY&GLAZING,,Carpenter,,,5,1,,ID Checked,,,2025,https://www.myjobquote.co.uk/t/love-it-joineryglazing,myjobquote
Property Maintenance Services,,Carpenter,,,5,10,,ID Checked; Public Liability Insurance,,,2025,https://www.myjobquote.co.uk/t/property-maintenance-services-9,myjobquote
New Interiors,,Carpenter,,,5,4,,ID Checked,,,2025,https://www.myjobquote.co.uk/t/new-interiors-2,myjobquote
Shiell Joinery Limited,,Carpenter,,,5,1,,ID Checked,,,Mar 2025,https://www.myjobquote.co.uk/t/shiell-joinery-limited,myjobquote
Irwin’s lock repairs,,Carpenter,,,5,3,,ID Checked,,,2025,https://www.myjobquote.co.uk/t/irwins-lock-repairs,myjobquote
Gladeside Furniture,,Carpenter,,,5,1,,ID Checked,,,2024,https://www.myjobquote.co.uk/t/gladeside-furniture,myjobquote
Mike&#039;s Builders Ltd,,Carpenter,,,5,32,,ID Checked; Public Liability Insurance,,,2021,https://www.myjobquote.co.uk/t/mikes-builders-ltd,myjobquote
AJ Joinery,,Carpenter,,,5,6,,ID Checked,,,2025,https://www.myjobquote.co.uk/t/aj-joinery-10,myjobquote
Prestige & Pro Renovation,,Carpenter,,,4.9,30,07418369993,ID Checked,,,2010,https://www.myjobquote.co.uk/t/prestige-pro-renovation,myjobquote
Handyman Extraordinaire,,Carpenter,,,5,71,,ID Checked; Public Liability Insurance,,,1990,https://www.myjobquote.co.uk/t/handyman-extraordinaire,myjobquote
ZAC JOINERY,,Carpenter,,,4.9,7,,ID Checked,,,2022,https://www.myjobquote.co.uk/t/zac-joinery,myjobquote
Eliott Lockhart - Joinery and Carpentry,,Carpenter,,,5,2,,ID Checked,,,2022,https://www.myjobquote.co.uk/t/eliott-lockhart-joinery-and-carpentry,myjobquote
MCH joinery,,Carpenter,,,5,1,,ID Checked,,,2010,https://www.myjobquote.co.uk/t/mch-joinery-1,myjobquote
Andrew-Shemek,,Carpenter,,,5,2,,ID Checked,,,2006,https://www.myjobquote.co.uk/t/andrew-shemek,myjobquote
Rated joiners,,Carpenter,,,5,4,,ID Checked,,,Jan 2024,https://www.myjobquote.co.uk/t/rated-joiners,myjobquote
J R builder,,Carpenter,,,5,1,,ID Checked,,,Oct 2023,https://www.myjobquote.co.uk/t/j-r-builder-1,myjobquote
JRDS Joinery and Roofing,,Carpenter,,,4.9,16,07418348967,,,,2005,https://www.myjobquote.co.uk/t/jrds-joinery-and-roofing,myjobquote
Kingsknowe Joinery/All Trades,,Carpenter,,,4.9,6,,ID Checked,,,1995,https://www.myjobquote.co.uk/t/kingsknowe-joineryall-trades,myjobquote
Solution,,Carpenter,,,4.8,4,,ID Checked,,,2015,https://www.myjobquote.co.uk/t/solution-2,myjobquote
T&G Property Management Edinburgh LTD,,Carpenter,,,3.3,3,,ID Checked,,,2020,https://www.myjobquote.co.uk/t/tg-property-management-edinburgh-ltd,myjobquote
Maximize Building & Renovations LTD,,Carpenter,,,4.68,0,,,,,2011,https://www.myjobquote.co.uk/t/maximize-building-renovations-ltd,myjobquote
Lux Home Improvements,,Carpenter,,,4.68,0,,ID Checked,,,2025,https://www.myjobquote.co.uk/t/lux-home-improvements,myjobquote
J&J Handy People To Know,,Carpenter,,,4.68,0,,ID Checked,,,Mar 2025,https://www.myjobquote.co.uk/t/jj-handy-people-to-know-1,myjobquote
J&J Handy People To Know,,Carpenter,,,4.68,0,,ID Checked,,,Nov 2022,https://www.myjobquote.co.uk/t/robert-brydons-building-services,myjobquote
HumeJoinery,,Carpenter,,,4.68,0,,ID Checked,,,2020,https://www.myjobquote.co.uk/t/humejoinery,myjobquote
Thistle Security,,Carpenter,,,4.68,0,,ID Checked,,,2004,https://www.myjobquote.co.uk/t/thistle-security,myjobquote
Escape joinery,,Carpenter,,,4.68,0,,ID Checked,,,2022,https://www.myjobquote.co.uk/t/escape-joinery,myjobquote
Hardie Joinery,,Carpenter,,,4.68,0,,ID Checked,,,2024,https://www.myjobquote.co.uk/t/hardie-joinery,myjobquote
Verra Decoration,,Carpenter,,,4.68,0,,ID Checked,,,2020,https://www.myjobquote.co.uk/t/verra-decoration,myjobquote
Dmytro,,Carpenter,,,4.68,0,,ID Checked,,,2022,https://www.myjobquote.co.uk/t/dmytro-4,myjobquote
ADM Cabinetry & Joinery,,Carpenter,,,4.68,0,,ID Checked,,,2020,https://www.myjobquote.co.uk/t/adm-cabinetry-joinery,myjobquote
Jim will fix it,,Carpenter,,,4.68,0,,ID Checked,,,May 2024,https://www.myjobquote.co.uk/t/jim-will-fix-it,myjobquote
Jim will fix it,,Carpenter,,,4.68,0,,ID Checked,,,Jun 2025,https://www.myjobquote.co.uk/t/bart-deco,myjobquote
Ms joinery ltd,,Carpenter,,,4.68,0,,ID Checked,,,2019,https://www.myjobquote.co.uk/t/ms-joinery-ltd,myjobquote
Servoro Maintenance Services Limited,,Carpenter,,,4.68,0,,,,,Sep 2019,https://www.myjobquote.co.uk/t/servoro-maintenance-services-limited,myjobquote
SERVORO MAINTENANCE SERVICES LTD,,Carpenter,,,4.68,0,,ID Checked; Public Liability Insurance,,,2025,https://www.myjobquote.co.uk/t/servoro-maintenance-services-ltd,myjobquote
Marek Baranski Joinery services,,Carpenter,,,4.68,0,,Public Liability Insurance,,,May 2024,https://www.myjobquote.co.uk/t/marek-baranski-joinery-services,myjobquote
Elenic Construction Ltd,,Carpenter,,,4.68,0,,,,,May 2024,https://www.myjobquote.co.uk/t/elenic-construction-ltd,myjobquote
88dryliner,,Carpenter,,,4.68,0,,,,,May 2024,https://www.myjobquote.co.uk/t/88dryliner,myjobquote
Logan Edinburgh joinery,,Carpenter,,,4.68,0,,,,,2006,https://www.myjobquote.co.uk/t/logan-edinburgh-joinery,myjobquote
CJR Craftworks,,Carpenter,,,4.68,0,,ID Checked,,,2019,https://www.myjobquote.co.uk/t/cjr-craftworks,myjobquote
Robax,,Carpenter,,,4.68,0,,ID Checked,,,Dec 2025,https://www.myjobquote.co.uk/t/robax,myjobquote
Robax,,Carpenter,,,4.68,0,,ID Checked,,,Jan 2026,https://www.myjobquote.co.uk/t/white-elm-joinery,myjobquote
White  elm. Joinery,,Carpenter,,,4.68,0,,ID Checked,,,2015,https://www.myjobquote.co.uk/t/edinburgh-lothian-loft-boarding,myjobquote
Cuaran kelly joinery,,Carpenter,,,4.68,0,,ID Checked,,,Mar 2017,https://www.myjobquote.co.uk/t/cuaran-kelly-joinery,myjobquote
Aidan,,Carpenter,,,4.68,0,,ID Checked,,,Jul 2024,https://www.myjobquote.co.uk/t/aidan-16,myjobquote
MBK Joiners,,Carpenter,,,4.68,0,,ID Checked,,,Jul 2023,https://www.myjobquote.co.uk/t/mbk-joiners,myjobquote
Jamie Barbour,,Carpenter,,,4.68,0,,ID Checked,,,2022,https://www.myjobquote.co.uk/t/jamie-barbour,myjobquote
Heron  Property Care,,Carpenter,,,4.68,0,,,,,Feb 2025,https://www.myjobquote.co.uk/t/heron-property-care,myjobquote
Radion,,Carpenter,,,4.68,0,,,,,Feb 2025,https://www.myjobquote.co.uk/t/radion-1,myjobquote
Radion,,Carpenter,,,4.68,0,,ID Checked,,,2015,https://www.myjobquote.co.uk/t/r-reid-joiners,myjobquote
C&M carpentry,,Carpenter,,,4.68,0,,ID Checked,,,Mar 2022,https://www.myjobquote.co.uk/t/cm-carpentry-2,myjobquote
J.R Joinery,,Carpenter,,,4.68,0,,ID Checked,,,Feb 2026,https://www.myjobquote.co.uk/t/jr-joinery-6,myjobquote
visions of you,,Carpenter,,,4.68,0,,,,,Mar 2024,https://www.myjobquote.co.uk/t/visions-of-you,myjobquote
TLEPA54,,Carpenter,,,4.68,0,,,,,Feb 2022,https://www.myjobquote.co.uk/t/tlepa54,myjobquote
TLEPA54,,Carpenter,,,4.68,0,,ID Checked,,,May 2022,https://www.myjobquote.co.uk/t/hunter-renovations-ltd,myjobquote
Mirosław Szambelan,,Carpenter,,,4.68,0,,ID Checked,,,2007,https://www.myjobquote.co.uk/t/miroslaw-szambelan,myjobquote
Mirosław Szambelan,,Carpenter,,,4.68,0,,,,,2017,https://www.myjobquote.co.uk/t/a-zakarian-trade,myjobquote
A Zakarian Trade.,,Carpenter,,,4.68,0,,,,,Jan 2018,https://www.myjobquote.co.uk/t/chira-emanuel-david,myjobquote
Chira emanuel david,,Carpenter,,,4.68,0,,ID Checked,,,2022,https://www.myjobquote.co.uk/t/jm-joiners-2,myjobquote
J&M Joiners,,Carpenter,,,4.68,0,,ID Checked,,,Nov 2023,https://www.myjobquote.co.uk/t/master-carpentery-services,myjobquote
Gold Hands,,Carpenter,,,4.68,0,,,,,Nov 2023,https://www.myjobquote.co.uk/t/gold-hands-1,myjobquote
Gold Hands,,Carpenter,,,4.68,0,,,,,Feb 2026,https://www.myjobquote.co.uk/t/nc-joinery,myjobquote
LC home improvements,,Carpenter,,,5,3,,ID Checked,,,2024,https://www.myjobquote.co.uk/t/lc-home-improvements-1,myjobquote
Frankie Carr,,Carpenter,,,5,6,,ID Checked,,,Jan 2024,https://www.myjobquote.co.uk/t/frankie-carr,myjobquote
AB Joinery,,Carpenter,,,5,1,,ID Checked,,,Dec 2024,https://www.myjobquote.co.uk/t/ab-joinery-9,myjobquote
Harry flooring,,Carpenter,,,5,2,,ID Checked,,,Jun 2025,https://www.myjobquote.co.uk/t/harry-flooring-1,myjobquote
A M Joinery,,Carpenter,,,5,1,,ID Checked,,,Aug 2025,https://www.myjobquote.co.uk/t/a-m-joinery-1,myjobquote
Pricecut joinery,,Carpenter,,,4.3,7,,ID Checked,,,2018,https://www.myjobquote.co.uk/t/pricecut-joinery-1,myjobquote
RGM JOINERS ltd,,Carpenter,,,5,2,,ID Checked,,,2022,https://www.myjobquote.co.uk/t/rgm-joiners-ltd,myjobquote
Nwtjoiners,,Carpenter,,,5,1,,ID Checked,,,Feb 2025,https://www.myjobquote.co.uk/t/nwtjoiners,myjobquote
Tony carroll,,Carpenter,,,5,16,,ID Checked,,,2001,https://www.myjobquote.co.uk/t/tony-carroll,myjobquote
ATA gardening,,Carpenter,,,5,2,,ID Checked,,,Feb 2023,https://www.myjobquote.co.uk/t/ata-gardening,myjobquote
Bricks&mortar,,Carpenter,,,5,1,,ID Checked; Public Liability Insurance,,,2016,https://www.myjobquote.co.uk/t/bricksmortar-1,myjobquote
James Jones,,Carpenter,,,5,61,,ID Checked,,,1992,https://www.myjobquote.co.uk/t/james-jones-3,myjobquote
Rca joinery,,Carpenter,,,5,7,,ID Checked,,,2023,https://www.myjobquote.co.uk/t/rca-joinery,myjobquote
Ricon Projects,,Carpenter,,,5,1,,ID Checked,,,2015,https://www.myjobquote.co.uk/t/ricon-projects,myjobquote
Billi handyman,,Carpenter,,,5,18,,ID Checked; Public Liability Insurance,,,2004,https://www.myjobquote.co.uk/t/billi-handyman,myjobquote
Woodgate joinery & building Ltd,,Carpenter,,,5,2,,ID Checked,,,2023,https://www.myjobquote.co.uk/t/woodgate-joinery-building-ltd,myjobquote
Lb joinery,,Carpenter,,,5,1,,ID Checked,,,Jan 2025,https://www.myjobquote.co.uk/t/lb-joinery-6,myjobquote
Heron joinery,,Carpenter,,,5,1,,ID Checked,,,Dec 2025,https://www.myjobquote.co.uk/t/heron-joinery,myjobquote
Derek McEwan T/A Dmr Contracts Ltd,,Carpenter,,,4.68,0,,,,,,https://www.myjobquote.co.uk/t/derek-mcewan-ta-dmr-contracts-ltd,myjobquote
Umersharif,,Carpenter,,,4.68,0,,,,,Jul 2024,https://www.myjobquote.co.uk/t/umersharif,myjobquote
Umersharif,,Carpenter,,,4.68,0,,,,,Jan 2024,https://www.myjobquote.co.uk/t/joinery-and-decorations,myjobquote
Joinery and decorations,,Carpenter,,,4.68,0,,,,,Aug 2024,https://www.myjobquote.co.uk/t/sole-trade-2,myjobquote
Sole trade,,Carpenter,,,4.68,0,,ID Checked,,,Dec 2023,https://www.myjobquote.co.uk/t/aj-hendry-joinery,myjobquote
Deyan,,Carpenter,,,4.68,0,,ID Checked,,,Nov 2024,https://www.myjobquote.co.uk/t/deyan-2,myjobquote
Deyan,,Carpenter,,,4.68,0,,,,,Jan 2026,https://www.myjobquote.co.uk/t/d-handyman,myjobquote
GB Joiners and Builders,,Carpenter,,,3,2,07418347455,ID Checked,,,Dec 2021,https://www.myjobquote.co.uk/t/gb-joiners-and-builders,myjobquote
Leaf It clean gardens,,Carpenter,,,5,1,,Public Liability Insurance,,,2020,https://www.myjobquote.co.uk/t/leaf-it-clean-gardens,myjobquote
Build-Abc,,Carpenter,,,5,14,,ID Checked,,,2013,https://www.myjobquote.co.uk/t/build-abc-1,myjobquote
Clb home and garden,,Carpenter,,,5,2,,ID Checked,,,2021,https://www.myjobquote.co.uk/t/clb-home-and-garden,myjobquote
Shawz home solutions Ltd,,Carpenter,,,5,7,,ID Checked; Public Liability Insurance,,,1990,https://www.myjobquote.co.uk/t/shawz-home-solutions-ltd,myjobquote
Bradley Taylor,,Carpenter,,,5,1,,ID Checked,,,Oct 2019,https://www.myjobquote.co.uk/t/bradley-taylor,myjobquote
Central Scotland Contracts,,Carpenter,,,5,6,07418343519,ID Checked; Public Liability Insurance,,,1986,https://www.myjobquote.co.uk/t/central-scotland-contracts,myjobquote
Inex Property Glasgow,,Carpenter,,,5,2,,ID Checked,,,,https://www.myjobquote.co.uk/t/inex-property-glasgow,myjobquote
Joe Cameron,,Carpenter,,,5,2,,ID Checked,,,2024,https://www.myjobquote.co.uk/t/joe-cameron,myjobquote
Refurb It,,Carpenter,,,5,4,,ID Checked,,,2017,https://www.myjobquote.co.uk/t/refurb-it,myjobquote
Brian scott,,Carpenter,,,5,2,,ID Checked,,,2025,https://www.myjobquote.co.uk/t/brian-scott,myjobquote
Renv8,,Carpenter,,,5,2,,ID Checked; Public Liability Insurance,,,2025,https://www.myjobquote.co.uk/t/renv8,myjobquote
Mcfadden joinery,,Carpenter,,,5,4,,ID Checked,,,1979,https://www.myjobquote.co.uk/t/mcfadden-joinery,myjobquote
Yianni,,Carpenter,,,5,5,,ID Checked,,,2002,https://www.myjobquote.co.uk/t/yianni,myjobquote
JC Trades,,Carpenter,,,5,2,,ID Checked,,,2013,https://www.myjobquote.co.uk/t/jc-trades-1,myjobquote
Affordable Handyman,,Carpenter,,,5,18,,ID Checked; Public Liability Insurance,,,2019,https://www.myjobquote.co.uk/t/affordable-handyman-2,myjobquote
Ballantyne Joinery,,Carpenter,,,5,8,,ID Checked,,,2018,https://www.myjobquote.co.uk/t/ballantyne-joinery,myjobquote
Gsm home improvements,,Carpenter,,,5,4,,ID Checked,,,Aug 2023,https://www.myjobquote.co.uk/t/gsm-home-improvements,myjobquote
McQ home Improvements,,Carpenter,,,5,8,,ID Checked,,,2021,https://www.myjobquote.co.uk/t/mcq-home-improvements,myjobquote
first class main ltd,,Carpenter,,,5,4,,ID Checked,,,2001,https://www.myjobquote.co.uk/t/first-class-main-ltd,myjobquote
DS JOINERY,,Carpenter,,,5,14,,ID Checked,,,2016,https://www.myjobquote.co.uk/t/ds-joinery-2,myjobquote
Elliott joinery,,Carpenter,,,5,8,,ID Checked,,,2023,https://www.myjobquote.co.uk/t/elliott-joinery,myjobquote
S&c services,,Carpenter,,,5,1,,ID Checked,,,2022,https://www.myjobquote.co.uk/t/sc-services-5,myjobquote
Acjoinery,,Carpenter,,,5,1,,ID Checked,,,Jan 2024,https://www.myjobquote.co.uk/t/acjoinery,myjobquote
Build it up,,Carpenter,,,5,1,,ID Checked,,,Jun 2023,https://www.myjobquote.co.uk/t/build-it-up-1,myjobquote
Gavin Anderson,,Carpenter,,,5,1,,ID Checked,,,2001,https://www.myjobquote.co.uk/t/gavin-anderson,myjobquote
JJR joinery,,Carpenter,,,5,2,,ID Checked,,,2018,https://www.myjobquote.co.uk/t/jjr-joinery,myjobquote
Nailed it carpentry joinery home maintenance,,Carpenter,,,5,2,,ID Checked,,,2020,https://www.myjobquote.co.uk/t/nailed-it-carpentry-joinery-home-maintenance,myjobquote
Nidas Handyman,,Carpenter,,,5,1,,ID Checked,,,2017,https://www.myjobquote.co.uk/t/nidas-handyman,myjobquote
Jimmy,,Carpenter,,,4.68,0,,ID Checked,,,Feb 2020,https://www.myjobquote.co.uk/t/jimmy-39,myjobquote
Jimmy,,Carpenter,,,4.68,0,,ID Checked,,,2006,https://www.myjobquote.co.uk/t/national-contracts-company,myjobquote
PavloHendyMan,,Carpenter,,,4.68,0,,ID Checked,,,Aug 2025,https://www.myjobquote.co.uk/t/pavlohendyman,myjobquote
A&J Joinery & Plumbing,,Carpenter,,,4.68,0,,ID Checked,,,2020,https://www.myjobquote.co.uk/t/aj-joinery-plumbing,myjobquote
Notch Above Joinery,,Carpenter,,,4.68,0,,ID Checked,,,2024,https://www.myjobquote.co.uk/t/notch-above-joinery,myjobquote
Fixit Glasgow,,Carpenter,,,4.68,0,,ID Checked,,,Jan 2025,https://www.myjobquote.co.uk/t/fixit-glasgow,myjobquote
BLF JOINERY AND PROPERTY MAINTENANCE,,Carpenter,,,4.68,0,,ID Checked,,,Jan 2025,https://www.myjobquote.co.uk/t/blf-joinery-and-property-maintenance,myjobquote
JPR joinery,,Carpenter,,,4.68,0,,ID Checked,,,2023,https://www.myjobquote.co.uk/t/jpr-joinery,myjobquote
JCJ JOINERY,,Carpenter,,,4.68,0,,ID Checked,,,Jul 2023,https://www.myjobquote.co.uk/t/jcj-joinery,myjobquote
C.carpentry,,Carpenter,,,4.68,0,,ID Checked,,,Jan 2022,https://www.myjobquote.co.uk/t/ccarpentry,myjobquote
Ross Construction,,Carpenter,,,4.68,0,,ID Checked,,,2023,https://www.myjobquote.co.uk/t/ross-construction,myjobquote
Robert Frew,,Carpenter,,,4.68,0,,ID Checked,,,Nov 2019,https://www.myjobquote.co.uk/t/robert-frew,myjobquote
Robert Frew,,Carpenter,,,4.68,0,,ID Checked,,,Jan 2024,https://www.myjobquote.co.uk/t/hi-joinery,myjobquote
JMC JOINERY,,Carpenter,,,4.68,0,,,,,Jan 2024,https://www.myjobquote.co.uk/t/jmc-joinery-1,myjobquote
Nadeemahmed,,Carpenter,,,4.68,0,,,,,Jan 2025,https://www.myjobquote.co.uk/t/nadeemahmed,myjobquote
A&l joinery,,Carpenter,,,4.68,0,,,,,Feb 2025,https://www.myjobquote.co.uk/t/al-joinery,myjobquote
A&l joinery,,Carpenter,,,4.68,0,,ID Checked,,,2016,https://www.myjobquote.co.uk/t/aaron-126,myjobquote
cscjoinery,,Carpenter,,,4.68,0,,ID Checked,,,2020,https://www.myjobquote.co.uk/t/cscjoinery,myjobquote
Handyman,,Carpenter,,,4.68,0,,ID Checked,,,2019,https://www.myjobquote.co.uk/t/handyman-284,myjobquote
ADC Joinery,,Carpenter,,,4.68,0,,ID Checked; Public Liability Insurance,,,Aug 2023,https://www.myjobquote.co.uk/t/adc-joinery,myjobquote
Construction Solutions F.M.,,Carpenter,,,4.68,0,,ID Checked,,,2003,https://www.myjobquote.co.uk/t/construction-solutions-fm,myjobquote
Szymon,,Carpenter,,,4.68,0,,ID Checked,,,Mar 2023,https://www.myjobquote.co.uk/t/szymon-8,myjobquote
Szymon,,Carpenter,,,4.68,0,,,,,Mar 2024,https://www.myjobquote.co.uk/t/martin-stewart,myjobquote
Martin Stewart,,Carpenter,,,4.68,0,,ID Checked,,,Jun 2024,https://www.myjobquote.co.uk/t/aarons-joinery-services,myjobquote
Aaron&#039;s Joinery Services,,Carpenter,,,4.68,0,,ID Checked,,,2022,https://www.myjobquote.co.uk/t/ds-joiners,myjobquote
McG joinery,,Carpenter,,,4.68,0,,,,,Nov 2024,https://www.myjobquote.co.uk/t/mcg-joinery,myjobquote
Sbjoinery,,Carpenter,,,4.68,0,,ID Checked,,,Feb 2024,https://www.myjobquote.co.uk/t/sbjoinery-2,myjobquote
Hm joinery,,Carpenter,,,4.68,0,,ID Checked,,,Dec 2024,https://www.myjobquote.co.uk/t/hm-joinery,myjobquote
Parav Glasgow CIC,,Carpenter,,,4.68,0,,ID Checked,,,2022,https://www.myjobquote.co.uk/t/parav-glasgow-cic,myjobquote
Teofil,,Carpenter,,,4.68,0,,ID Checked,,,Feb 2024,https://www.myjobquote.co.uk/t/teofil,myjobquote
Teofil,,Carpenter,,,4.68,0,,,,,May 2025,https://www.myjobquote.co.uk/t/finch-furniture,myjobquote
John Crammond Joinery,,Carpenter,,,4.68,0,,,,,Dec 2025,https://www.myjobquote.co.uk/t/john-crammond-joinery,myjobquote
John Crammond Joinery,,Carpenter,,,4.68,0,,,,,Apr 2025,https://www.myjobquote.co.uk/t/alex-corrigall,myjobquote
SIK TRADE SOLUTIONS.,,Carpenter,,,4.68,0,,,,,Apr 2025,https://www.myjobquote.co.uk/t/sik-trade-solutions,myjobquote
SIK TRADE SOLUTIONS.,,Carpenter,,,4.68,0,,,,,Nov 2022,https://www.myjobquote.co.uk/t/nicolae-18,myjobquote
Nicolae,,Carpenter,,,4.68,0,,ID Checked,,,Jan 2023,https://www.myjobquote.co.uk/t/kmc-joinery-1,myjobquote
KMC Joinery,,Carpenter,,,4.68,0,,ID Checked,,,2014,https://www.myjobquote.co.uk/t/lee-kenny,myjobquote
Lee kenny,,Carpenter,,,4.68,0,,ID Checked,,,Jan 2017,https://www.myjobquote.co.uk/t/cf-flooring-ltd,myjobquote
KGjoinery,,Carpenter,,,5,1,,ID Checked,,,,https://www.myjobquote.co.uk/t/kgjoinery,myjobquote
JT.EC,,Carpenter,,,5,16,,ID Checked,,,2000,https://www.myjobquote.co.uk/t/jtec,myjobquote
Precision Joinery and Building Service,,Carpenter,,,5,4,,ID Checked,,,2014,https://www.myjobquote.co.uk/t/precision-joinery-and-building-service,myjobquote
Ben ramsay,,Carpenter,,,4.68,0,,ID Checked,,,May 2025,https://www.myjobquote.co.uk/t/ben-ramsay-1,myjobquote
Placemakers Joiners,,Carpenter,,,5,1,,ID Checked,,,2021,https://www.myjobquote.co.uk/t/placemakers-joiners,myjobquote
VITANOV Home Improvements,,Carpenter,,,5,14,,ID Checked,,,2018,https://www.myjobquote.co.uk/t/vitanov-home-improvements,myjobquote
Marart,,Carpenter,,,4.9,1,,ID Checked,,,Aug 2023,https://www.myjobquote.co.uk/t/marart,myjobquote
panmure joinery,,Carpenter,,,4.68,0,,ID Checked,,,2014,https://www.myjobquote.co.uk/t/panmure-joinery,myjobquote
panmure joinery,,Carpenter,,,4.68,0,,,,,Oct 2014,https://www.myjobquote.co.uk/t/robyn-webster,myjobquote
Steven fenton sole trader,,Carpenter,,,4.68,0,,,,,Jan 2026,https://www.myjobquote.co.uk/t/steven-fenton-sole-trader,myjobquote
VOLTANAV,,Carpenter,,,4.68,0,,,,,2009,https://www.myjobquote.co.uk/t/voltanav,myjobquote
D&A Joiners,,Carpenter,,,4.68,0,,ID Checked,,,2023,https://www.myjobquote.co.uk/t/da-joiners,myjobquote
D&A Joiners,,Carpenter,,,4.68,0,,ID Checked,,,Mar 2023,https://www.myjobquote.co.uk/t/custom-workshop,myjobquote
CS Joinery&Construction,,Carpenter,,,4.68,0,,ID Checked,,,Aug 2022,https://www.myjobquote.co.uk/t/cs-joineryconstruction,myjobquote
Bc bespoke interiors and joinery,,Carpenter,,,4.68,0,,,,,Jul 2023,https://www.myjobquote.co.uk/t/bc-bespoke-interiors-and-joinery,myjobquote
Bc bespoke interiors and joinery,,Carpenter,,,4.68,0,,ID Checked,,,1996,https://www.myjobquote.co.uk/t/barry-sturrock,myjobquote
S Forbes,,Carpenter,,,4.68,0,,ID Checked,,,Apr 2023,https://www.myjobquote.co.uk/t/s-forbes,myjobquote
Axe Contractors,,Carpenter,,,4.68,0,,,,,Nov 2024,https://www.myjobquote.co.uk/t/axe-contractors,myjobquote
Home St Andrews,,Carpenter,,,5,1,,ID Checked,,,2000,https://www.myjobquote.co.uk/t/home-st-andrews,myjobquote
Tay Valley Contracts Ltd,,Carpenter,,,5,1,,ID Checked; Public Liability Insurance,,,2023,https://www.myjobquote.co.uk/t/tay-valley-contracts-ltd,myjobquote
Aigarito&#039;s General Building Services,,Carpenter,,,5,4,,ID Checked,,,2023,https://www.myjobquote.co.uk/t/aigaritos-general-building-services,myjobquote
Perfect Home Solutions,,Carpenter,,,4.5,5,,ID Checked,,,2023,https://www.myjobquote.co.uk/t/perfect-home-solutions,myjobquote
MattMax Joinery,,Carpenter,,,4.7,6,,ID Checked,,,2007,https://www.myjobquote.co.uk/t/mattmax-joinery,myjobquote
Mega don,,Carpenter,,,4.68,0,,,,,Jul 2020,https://www.myjobquote.co.uk/t/mega-don,myjobquote
Mega don,,Carpenter,,,4.68,0,,,,,Jul 2024,https://www.myjobquote.co.uk/t/telford-installations,myjobquote
Telford Installations,,Carpenter,,,4.68,0,,ID Checked,,,2020,https://www.myjobquote.co.uk/t/dunholm-improvements-ltd,myjobquote
S rae home improvements,,Carpenter,,,4.68,0,,ID Checked,,,Jan 2024,https://www.myjobquote.co.uk/t/s-rae-home-improvements,myjobquote
S rae home improvements,,Carpenter,,,4.68,0,,,,,May 2024,https://www.myjobquote.co.uk/t/richert,myjobquote
Richert,,Carpenter,,,4.68,0,,,,,2014,https://www.myjobquote.co.uk/t/gr-property-maintenance-2,myjobquote
RGS Joinery,,Carpenter,,,4.68,0,,ID Checked,,,Jun 2025,https://www.myjobquote.co.uk/t/rgs-joinery,myjobquote
RGS Joinery,,Carpenter,,,4.68,0,,ID Checked,,,2022,https://www.myjobquote.co.uk/t/lhenderson-joinery,myjobquote
Mtw property solutions,,Carpenter,,,4.68,0,,ID Checked,,,2020,https://www.myjobquote.co.uk/t/mtw-property-solutions,myjobquote
Dunlunanjoinery,,Carpenter,,,4.68,0,,ID Checked,,,Apr 2024,https://www.myjobquote.co.uk/t/dunlunanjoinery,myjobquote
Dunlunanjoinery,,Carpenter,,,4.68,0,,ID Checked,,,Oct 2024,https://www.myjobquote.co.uk/t/srg-joinery,myjobquote
DCD Joinery,,Carpenter,,,4.68,0,,ID Checked,,,2023,https://www.myjobquote.co.uk/t/dcd-joinery,myjobquote
DCD Joinery,,Carpenter,,,4.68,0,,ID Checked,,,Apr 2024,https://www.myjobquote.co.uk/t/robbie-jack,myjobquote
Robbie jack,,Carpenter,,,4.68,0,,ID Checked,,,1996,https://www.myjobquote.co.uk/t/awfinishing-joinery,myjobquote
Steven Ross,,Carpenter,,,5,2,,ID Checked,,,2002,https://www.myjobquote.co.uk/t/steven-ross,myjobquote
S.R Handyman,,Carpenter,,,4.68,0,,ID Checked,,,May 2025,https://www.myjobquote.co.uk/t/sr-handyman,myjobquote
S.R Handyman,,Carpenter,,,4.68,0,,ID Checked,,,Mar 2023,https://www.myjobquote.co.uk/t/mohamedamin,myjobquote
Mohamedamin,,Carpenter,,,4.68,0,,,,,Feb 2025,https://www.myjobquote.co.uk/t/tyler-18,myjobquote
Rafal Bondyra,,Carpenter,,,4.68,0,,,,,Jan 2023,https://www.myjobquote.co.uk/t/rafal-bondyra,myjobquote
Rafal Bondyra,,Carpenter,,,4.68,0,,,,,Feb 2024,https://www.myjobquote.co.uk/t/fdjoinery,myjobquote
Fdjoinery,,Carpenter,,,4.68,0,,ID Checked,,,Aug 2022,https://www.myjobquote.co.uk/t/gs-joinery-dundee-limited,myjobquote
GS Joinery Dundee Limited,,Carpenter,,,4.68,0,,ID Checked,,,2014,https://www.myjobquote.co.uk/t/cm-joiners,myjobquote
damian kalicki,,Carpenter,,,4.68,0,,ID Checked,,,Jan 2026,https://www.myjobquote.co.uk/t/damian-kalicki,myjobquote
Kevin beaton⁸kevie,,Carpenter,,,4.68,0,,,,,May 2023,https://www.myjobquote.co.uk/t/kevin-beaton8kevie,myjobquote
JM Joinery,,Carpenter,,,4.68,0,,,,,Jan 2026,https://www.myjobquote.co.uk/t/jm-joinery-17,myjobquote
JM Joinery,,Carpenter,,,4.68,0,,,,,Apr 2025,https://www.myjobquote.co.uk/t/heritage-joinery,myjobquote
John mckay,,Carpenter,,,4.68,0,,,,,Sep 2023,https://www.myjobquote.co.uk/t/john-mckay,myjobquote
John mckay,,Carpenter,,,5,1,,ID Checked,,,2025,https://www.myjobquote.co.uk/t/sinclair-joinery,myjobquote
BL joinery,,Carpenter,,,5,1,,ID Checked,,,2019,https://www.myjobquote.co.uk/t/bl-joinery,myjobquote
Malc&#039;s Joinery,,Carpenter,,,5,4,,ID Checked,,,2023,https://www.myjobquote.co.uk/t/malcs-joinery,myjobquote
Jedrek Construction,,Carpenter,,,5,3,,ID Checked,,,2009,https://www.myjobquote.co.uk/t/jedrek-construction,myjobquote
Remodela Renovations,,Carpenter,,,4.5,13,,ID Checked,,,2020,https://www.myjobquote.co.uk/t/remodela-renovations-1,myjobquote
SAOR Joinery,,Carpenter,,,5,3,,ID Checked,,,2019,https://www.myjobquote.co.uk/t/saor-joinery,myjobquote
Hunter joinery,,Carpenter,,,5,1,,ID Checked,,,2021,https://www.myjobquote.co.uk/t/hunter-joinery,myjobquote
Bill Davie Joinery,,Carpenter,,,4.9,9,,ID Checked,,,Jan 2022,https://www.myjobquote.co.uk/t/bill-davie-joinery,myjobquote
Ecofit Windows and doors ltd,,Carpenter,,,4.68,0,,ID Checked,,,Feb 2020,https://www.myjobquote.co.uk/t/ecofit-windows-and-doors-ltd,myjobquote
Hampton Timber Specialists (Dundee) Ltd,,Carpenter,,,4.68,0,,,,,Feb 2025,https://www.myjobquote.co.uk/t/hampton-timber-specialists-dundee-ltd,myjobquote
Ultrabuild Services,,Carpenter,,,4.68,0,,ID Checked,,,2015,https://www.myjobquote.co.uk/t/ultrabuild-services,myjobquote
Scotia Group,,Carpenter,,,4.68,0,,ID Checked,,,2005,https://www.myjobquote.co.uk/t/scotia-group,myjobquote
Scotia Group,,Carpenter,,,4.68,0,,ID Checked,,,2024,https://www.myjobquote.co.uk/t/kris-campbell,myjobquote
Kris Campbell,,Carpenter,,,4.68,0,,ID Checked,,,2025,https://www.myjobquote.co.uk/t/lamont-joinery-and-construction,myjobquote
Ian Gowans,,Carpenter,,,4.68,0,,ID Checked,,,1999,https://www.myjobquote.co.uk/t/ian-gowans,myjobquote
Steve Beattie  Joinery,,Carpenter,,,4.68,0,,ID Checked,,,Apr 2023,https://www.myjobquote.co.uk/t/steve-beattie-joinery,myjobquote
Woodbrew property services,,Carpenter,,,4.68,0,,ID Checked,,,2025,https://www.myjobquote.co.uk/t/woodbrew-property-services,myjobquote
Catalin Esman Joinery,,Carpenter,,,4.68,0,,ID Checked,,,Mar 2026,https://www.myjobquote.co.uk/t/catalin-esman-joinery,myjobquote
Catalin Esman Joinery,,Carpenter,,,4.68,0,,ID Checked,,,2019,https://www.myjobquote.co.uk/t/telfer-joinery-services-ltd,myjobquote
Elisey Ahalanei,,Carpenter,,,4.68,0,,ID Checked,,,2025,https://www.myjobquote.co.uk/t/elisey-ahalanei,myjobquote
Gary keanie,,Carpenter,,,4.68,0,,ID Checked,,,Nov 2021,https://www.myjobquote.co.uk/t/gary-keanie,myjobquote
Gary keanie,,Carpenter,,,4.68,0,,,,,Sep 2023,https://www.myjobquote.co.uk/t/ritchie-anderson,myjobquote
Killievair construction,,Carpenter,,,4.68,0,,,,,Jul 2023,https://www.myjobquote.co.uk/t/killievair-construction,myjobquote
Bgw developments,,Carpenter,,,4.68,0,,,,,Feb 2024,https://www.myjobquote.co.uk/t/bgw-developments,myjobquote
Bgw developments,,Carpenter,,,4.68,0,,ID Checked,,,2023,https://www.myjobquote.co.uk/t/fordyce-joinery,myjobquote
Fordyce joinery,,Carpenter,,,4.68,0,,ID Checked,,,2025,https://www.myjobquote.co.uk/t/branic-joinery,myjobquote
CSG Joinery,,Carpenter,,,4.68,0,,ID Checked,,,Feb 2026,https://www.myjobquote.co.uk/t/csg-joinery,myjobquote
CSG Joinery,,Carpenter,,,4.68,0,,ID Checked,,,Nov 2025,https://www.myjobquote.co.uk/t/mercery,myjobquote
Mercery,,Carpenter,,,4.68,0,,ID Checked,,,2004,https://www.myjobquote.co.uk/t/bridgend-contracts,myjobquote
J.A installations,,Carpenter,,,4.68,0,,ID Checked,,,2020,https://www.myjobquote.co.uk/t/ja-installations-1,myjobquote
L Guthrie Joinery and Construction,,Carpenter,,,4.68,0,,ID Checked; Public Liability Insurance,,,2018,https://www.myjobquote.co.uk/t/l-guthrie-joinery-and-construction,myjobquote
John junior joinery,,Carpenter,,,4.68,0,,ID Checked,,,2009,https://www.myjobquote.co.uk/t/john-junior-joinery,myjobquote
Rightmove Windows,,Carpenter,,,4.68,0,,ID Checked,,,Nov 2021,https://www.myjobquote.co.uk/t/rightmove-windows,myjobquote
Rightmove Windows,,Carpenter,,,4.68,0,,ID Checked,,,2020,https://www.myjobquote.co.uk/t/aa-gla,myjobquote
Magnum Builders,,Carpenter,,,4.68,0,,ID Checked,,,2022,https://www.myjobquote.co.uk/t/magnum-builders,myjobquote
Magnum Builders,,Carpenter,,,4.68,0,,ID Checked,,,Apr 2023,https://www.myjobquote.co.uk/t/sr-joinery-1,myjobquote
Sr joinery,,Carpenter,,,4.68,0,,ID Checked,,,2018,https://www.myjobquote.co.uk/t/ib-joinery,myjobquote
ABG joinery,,Carpenter,,,4.68,0,,ID Checked,,,1977,https://www.myjobquote.co.uk/t/abg-joinery,myjobquote
Mohammed,,Carpenter,,,4.68,0,,,,,Apr 2023,https://www.myjobquote.co.uk/t/mohammed-5,myjobquote
Mohammed,,Carpenter,,,4.68,0,,ID Checked,,,Jan 2022,https://www.myjobquote.co.uk/t/spearhead-construction,myjobquote
Spearhead construction,,Carpenter,,,4.68,0,,ID Checked,,,Aug 2023,https://www.myjobquote.co.uk/t/ewan-bell-joinery,myjobquote
Ewan Bell joinery,,Carpenter,,,4.68,0,,,,,Oct 2022,https://www.myjobquote.co.uk/t/davy-hart-joinery,myjobquote
Mark wallace,,Carpenter,,,4.68,0,,,,,Jan 2023,https://www.myjobquote.co.uk/t/mark-wallace-1,myjobquote
CH joinery and glass,,Carpenter,,,4.68,0,,ID Checked,,,2024,https://www.myjobquote.co.uk/t/ch-joinery-and-glass,myjobquote
CH joinery and glass,,Carpenter,,,4.68,0,,ID Checked,,,2018,https://www.myjobquote.co.uk/t/a-w-joiners-limited,myjobquote
Zechariah,,Carpenter,,,4.68,0,,ID Checked,,,Jan 2018,https://www.myjobquote.co.uk/t/zechariah,myjobquote
KCR Services,,Carpenter,,,5,3,,ID Checked; Public Liability Insurance,,,2024,https://www.myjobquote.co.uk/t/kcr-services,myjobquote
S&C SERVICES,,Carpenter,,,5,2,,ID Checked,,,2023,https://www.myjobquote.co.uk/t/sc-services-4,myjobquote
Mr joiner,,Carpenter,,,5,15,,ID Checked,,,2023,https://www.myjobquote.co.uk/t/mr-joiner,myjobquote
K.W.G joinery and building services,,Carpenter,,,5,1,,ID Checked,,,2012,https://www.myjobquote.co.uk/t/kwg-joinery-and-building-services,myjobquote
JDM Bespoke Joinery,,Carpenter,,,5,1,,ID Checked,,,2020,https://www.myjobquote.co.uk/t/jdm-bespoke-joinery,myjobquote
DARA Property Maintenance,,Carpenter,,,4.9,24,,ID Checked,,,2016,https://www.myjobquote.co.uk/t/dara-property-maintenance,myjobquote
Kr building maintenance,,Carpenter,,,4.68,0,,ID Checked,,,2010,https://www.myjobquote.co.uk/t/kr-building-maintenance,myjobquote
Jd joiners,,Carpenter,,,4.68,0,,ID Checked,,,Jan 2021,https://www.myjobquote.co.uk/t/jd-joiners-1,myjobquote
Jd joiners,,Carpenter,,,4.68,0,,ID Checked,,,2022,https://www.myjobquote.co.uk/t/underwood-installations,myjobquote
CL Joinery,,Carpenter,,,4.68,0,,ID Checked,,,Oct 2025,https://www.myjobquote.co.uk/t/cl-joinery-2,myjobquote
RW Joinery,,Carpenter,,,4.68,0,,ID Checked,,,2024,https://www.myjobquote.co.uk/t/rw-joinery-5,myjobquote
forbes&sons joinery,,Carpenter,,,4.68,0,,ID Checked,,,Sep 2024,https://www.myjobquote.co.uk/t/forbessons-joinery,myjobquote
forbes&sons joinery,,Carpenter,,,4.68,0,,ID Checked,,,Sep 2024,https://www.myjobquote.co.uk/t/browns-landscaping,myjobquote
Braeval’s Services Limited,,Carpenter,,,4.68,0,,,,,Nov 2024,https://www.myjobquote.co.uk/t/braevals-services-limited,myjobquote
Braeval’s Services Limited,,Carpenter,,,4.68,0,,,,,1990,https://www.myjobquote.co.uk/t/lee-carpenters,myjobquote
CooJoin,,Carpenter,,,4.68,0,,,,,Jan 2024,https://www.myjobquote.co.uk/t/coojoin,myjobquote
CooJoin,,Carpenter,,,4.68,0,,,,,Jan 2024,https://www.myjobquote.co.uk/t/mcmullan-joinery-contractors,myjobquote
Steven Wilson Joinery,,Carpenter,,,4.68,0,,Public Liability Insurance,,,Dec 2024,https://www.myjobquote.co.uk/t/steven-wilson-joinery,myjobquote
Cp joinery,,Carpenter,,,4.68,0,,Public Liability Insurance,,,Jun 2025,https://www.myjobquote.co.uk/t/cp-joinery-6,myjobquote
Cp joinery,,Carpenter,,,4.68,0,,ID Checked,,,Jul 2025,https://www.myjobquote.co.uk/t/rm-joinery-building-services-ltd,myjobquote
Castlehill Carpentry and Construction,,Carpenter,,,4.68,0,,ID Checked,,,Aug 2024,https://www.myjobquote.co.uk/t/castlehill-carpentry-and-construction,myjobquote
New image,,Carpenter,,,5,10,,ID Checked,,,Feb 2026,https://www.myjobquote.co.uk/t/new-image-2,myjobquote
New Age Joinery Ltd,,Carpenter,,,5,1,,ID Checked,,,Jan 2024,https://www.myjobquote.co.uk/t/new-age-joinery-ltd,myjobquote
Nicky Hadlow Maintenance Services,,Carpenter,,,4.68,0,,ID Checked,,,Mar 2016,https://www.myjobquote.co.uk/t/nicky-hadlow-maintenance-services,myjobquote
chloe,,Carpenter,,,4.68,0,,ID Checked,,,Sep 2016,https://www.myjobquote.co.uk/t/chloe-57,myjobquote
chloe,,Carpenter,,,4.68,0,,,,,Oct 2024,https://www.myjobquote.co.uk/t/callum-177,myjobquote
JM JOINERS,,Carpenter,,,4.68,0,,Public Liability Insurance,,,May 2025,https://www.myjobquote.co.uk/t/jm-joiners-1,myjobquote
CDP Joinery,,Carpenter,,,4.68,0,,ID Checked,,,Mar 2023,https://www.myjobquote.co.uk/t/cdp-joinery,myjobquote
Laxford joinery,,Carpenter,,,4.68,0,,ID Checked,,,Jan 2023,https://www.myjobquote.co.uk/t/laxford-joinery,myjobquote
Dk joiners,,Carpenter,,,4.68,0,,ID Checked,,,2020,https://www.myjobquote.co.uk/t/dk-joiners,myjobquote
Shite Construction,,Carpenter,,,4.68,0,,ID Checked,,,Feb 2023,https://www.myjobquote.co.uk/t/shite-construction,myjobquote
Shite Construction,,Carpenter,,,4.68,0,,,,,Apr 2023,https://www.myjobquote.co.uk/t/aiden-19,myjobquote
Proclean,,Carpenter,,,4,1,,ID Checked,,,2014,https://www.myjobquote.co.uk/t/proclean-7,myjobquote
Glasgow Bathroom Company,,Carpenter,,,4,2,07451260903,ID Checked,,,Aug 2025,https://www.myjobquote.co.uk/t/glasgow-bathroom-company,myjobquote
Kenneth reid,,Carpenter,,,5,1,,ID Checked,,,Feb 2026,https://www.myjobquote.co.uk/t/kenneth-reid,myjobquote
Clark fencing,,Carpenter,,,5,9,,ID Checked,,,2020,https://www.myjobquote.co.uk/t/clark-fencing,myjobquote
Casey,,Carpenter,,,5,2,,ID Checked,,,2024,https://www.myjobquote.co.uk/t/casey-14,myjobquote
Auld Town Property Maintenance,,Carpenter,,,5,13,,ID Checked; Public Liability Insurance,,,2024,https://www.myjobquote.co.uk/t/auld-town-property-maintenance,myjobquote
Serafin Joinery,,Carpenter,,,4,13,,ID Checked,,,2005,https://www.myjobquote.co.uk/t/serafin-joinery,myjobquote
Fraser & Gary Joinery & Construction LTD,,Carpenter,,,5,15,,Public Liability Insurance,,,2014,https://www.myjobquote.co.uk/t/fraser-gary-joinery-construction-ltd,myjobquote
LN Timber Build,,Carpenter,,,5,1,,ID Checked,,,2019,https://www.myjobquote.co.uk/t/ln-timber-build,myjobquote
Glasgow joiners,,Carpenter,,,5,1,,ID Checked; Public Liability Insurance,,,Jun 2025,https://www.myjobquote.co.uk/t/glasgow-joiners,myjobquote
AR DOORS,,Carpenter,,,5,1,,ID Checked,,,2019,https://www.myjobquote.co.uk/t/ar-doors,myjobquote
Mckenna joinery and construction LTD,,Carpenter,,,5,1,,ID Checked,,,2023,https://www.myjobquote.co.uk/t/mckenna-joinery-and-construction-ltd,myjobquote
Patriks Home development,,Carpenter,,,5,4,,ID Checked,,,2022,https://www.myjobquote.co.uk/t/patriks-home-development,myjobquote
Sullivan Home Improvements,,Carpenter,,,5,2,,ID Checked,,,2017,https://www.myjobquote.co.uk/t/sullivan-home-improvements,myjobquote
RL Building & Joinery,,Carpenter,,,5,2,,ID Checked; Public Liability Insurance,,,2024,https://www.myjobquote.co.uk/t/rl-building-joinery,myjobquote
TimberArt Joinery,,Carpenter,,,5,1,,ID Checked,,,2008,https://www.myjobquote.co.uk/t/timberart-joinery-1,myjobquote
Mdecogreen,,Carpenter,,,5,3,,ID Checked,,,Sep 2024,https://www.myjobquote.co.uk/t/mdecogreen,myjobquote
Procarve Joinery,,Carpenter,,,5,4,,ID Checked; Public Liability Insurance,,,2023,https://www.myjobquote.co.uk/t/procarve-joinery,myjobquote
LM Joinery,,Carpenter,,,5,1,,ID Checked,,,2024,https://www.myjobquote.co.uk/t/lm-joinery-1,myjobquote
Bearfort Joinery,,Carpenter,,,4.68,0,,ID Checked,,,2022,https://www.myjobquote.co.uk/t/bearfort-joinery,myjobquote
BR Home Solutions,,Carpenter,,,4.68,0,,ID Checked,,,May 2023,https://www.myjobquote.co.uk/t/br-home-solutions,myjobquote
Craig Walls Joiners,,Carpenter,,,4.68,0,,ID Checked,,,2020,https://www.myjobquote.co.uk/t/craig-walls-joiners,myjobquote
Quick joiner,,Carpenter,,,4.68,0,,ID Checked,,,Feb 2020,https://www.myjobquote.co.uk/t/quick-joiner,myjobquote
Albi85,,Carpenter,,,4.68,0,,,,,Jun 2025,https://www.myjobquote.co.uk/t/albi85,myjobquote
CD services,,Carpenter,,,4.68,0,,ID Checked,,,Jan 2026,https://www.myjobquote.co.uk/t/cd-services-2,myjobquote
Lukasz Machowski,,Carpenter,,,4.68,0,,ID Checked,,,2014,https://www.myjobquote.co.uk/t/lukasz-machowski,myjobquote
SGBS PROJECTS LTD,,Carpenter,,,4.68,0,,ID Checked,,,Oct 2021,https://www.myjobquote.co.uk/t/sgbs-projects-ltd,myjobquote
Badora Property Group Ltd,,Carpenter,,,4.68,0,,ID Checked,,,Feb 2026,https://www.myjobquote.co.uk/t/badora-property-group-ltd,myjobquote
G mallet joinery,,Carpenter,,,4.68,0,,ID Checked,,,2009,https://www.myjobquote.co.uk/t/g-mallet-joinery,myjobquote
G mallet joinery,,Carpenter,,,4.68,0,,ID Checked,,,2019,https://www.myjobquote.co.uk/t/kf-windows-and-doors,myjobquote
DM JOINERY SERVICES,,Carpenter,,,4.68,0,,ID Checked,,,2022,https://www.myjobquote.co.uk/t/dm-joinery-services,myjobquote
Mclay fencing & decking,,Carpenter,,,4.68,0,,ID Checked,,,Oct 2023,https://www.myjobquote.co.uk/t/mclay-fencing-decking,myjobquote
Mclay fencing & decking,,Carpenter,,,4.68,0,,,,,Sep 2024,https://www.myjobquote.co.uk/t/scott-reid,myjobquote
scott reid,,Carpenter,,,4.68,0,,,,,Oct 2023,https://www.myjobquote.co.uk/t/sneddon-joinery-services,myjobquote
hawk property maintenance ltd,,Carpenter,,,5,4,,ID Checked,,,2017,https://www.myjobquote.co.uk/t/hawk-property-maintenance-ltd,myjobquote
Sle Pressure Washing,,Carpenter,,,4.68,0,,ID Checked,,,2024,https://www.myjobquote.co.uk/t/sle-pressure-washing,myjobquote
Stuart Wilson Joinery,,Carpenter,,,4.68,0,,,,,Jan 2025,https://www.myjobquote.co.uk/t/stuart-wilson-joinery,myjobquote
Dodds & son joiners,,Carpenter,,,4.68,0,,,,,Jan 2025,https://www.myjobquote.co.uk/t/dodds-son-joiners,myjobquote
jdfld,,Carpenter,,,4.68,0,,,,,Aug 2023,https://www.myjobquote.co.uk/t/jdfld,myjobquote
Laxford joinery,,Carpenter,,,4.68,0,,,,,Apr 2025,https://www.myjobquote.co.uk/t/hillside-joinery,myjobquote
Hillside joinery,,Carpenter,,,4.68,0,,,,,Jul 2025,https://www.myjobquote.co.uk/t/lthomson-joinery,myjobquote
Jr facilities management,,Carpenter,,,4.9,8,,ID Checked,,,2017,https://www.myjobquote.co.uk/t/jr-facilities-management,myjobquote
Dean colquhoun,,Carpenter,,,5,1,,ID Checked,,,2021,https://www.myjobquote.co.uk/t/dean-colquhoun,myjobquote
JNW joinery,,Carpenter,,,4.8,11,,ID Checked,,,2010,https://www.myjobquote.co.uk/t/jnw-joinery,myjobquote
GJB Kitchens,,Carpenter,,,4.68,0,,ID Checked,,,2004,https://www.myjobquote.co.uk/t/gjb-kitchens,myjobquote
GJB Kitchens,,Carpenter,,,4.68,0,,ID Checked,,,Mar 2023,https://www.myjobquote.co.uk/t/mp-property-maintenance-1,myjobquote
Laister Construction,,Carpenter,,,4.68,0,,ID Checked,,,2020,https://www.myjobquote.co.uk/t/laister-construction,myjobquote
Colin Shand,,Carpenter,,,4.68,0,,ID Checked,,,2025,https://www.myjobquote.co.uk/t/colin-shand,myjobquote
Colin Shand,,Carpenter,,,4.68,0,,,,,1967,https://www.myjobquote.co.uk/t/penn-joinery-property-preservation,myjobquote
Braeval’s Services Limited,,Carpenter,,,4.68,0,,ID Checked,,,Jun 2025,https://www.myjobquote.co.uk/t/bulletproof-ltd,myjobquote
J&C services,,Carpenter,,,4.68,0,,ID Checked,,,2008,https://www.myjobquote.co.uk/t/jc-services-6,myjobquote
RW Joinery,,Carpenter,,,4.68,0,,ID Checked,,,2024,https://www.myjobquote.co.uk/t/src-home-services,myjobquote
MGM joinery,,Carpenter,,,4.68,0,,ID Checked,,,Sep 2024,https://www.myjobquote.co.uk/t/mgm-joinery,myjobquote
MGM joinery,,Carpenter,,,4.68,0,,ID Checked,,,2022,https://www.myjobquote.co.uk/t/the-home-and-property-medics,myjobquote
rhys mollon joinery,,Carpenter,,,4.68,0,,ID Checked,,,Feb 2023,https://www.myjobquote.co.uk/t/rhys-mollon-joinery,myjobquote
Holdfast construction ltd,,Carpenter,,,4.68,0,,ID Checked,,,2023,https://www.myjobquote.co.uk/t/holdfast-construction-ltd,myjobquote
Connor wilson,,Carpenter,,,5,2,,ID Checked,,,Jan 2024,https://www.myjobquote.co.uk/t/connor-wilson-5,myjobquote
LR Joinery,,Carpenter,,,5,1,,ID Checked,,,2008,https://www.myjobquote.co.uk/t/lr-joinery,myjobquote
Home Developments,,Carpenter,,,4.68,0,,ID Checked,,,Nov 2018,https://www.myjobquote.co.uk/t/home-developments,myjobquote
derek mclaren joiners,,Carpenter,,,4.68,0,,ID Checked,,,1990,https://www.myjobquote.co.uk/t/derek-mclaren-joiners,myjobquote
Jake rankine,,Carpenter,,,4.68,0,,,,,Aug 2023,https://www.myjobquote.co.uk/t/jake-rankine,myjobquote
Jake rankine,,Carpenter,,,4.68,0,,,,,Jan 2023,https://www.myjobquote.co.uk/t/keira-cunningham,myjobquote
Daniel jackson,,Carpenter,,,4.68,0,,,,,Sep 2024,https://www.myjobquote.co.uk/t/daniel-jackson,myjobquote
MERC Construction,,Carpenter,,,4.68,0,,,,,Jan 2024,https://www.myjobquote.co.uk/t/merc-construction,myjobquote
MERC Construction,,Carpenter,,,4.68,0,,,,,Jul 2025,https://www.myjobquote.co.uk/t/mark-stone,myjobquote
William Mcneil Joinery,,Carpenter,,,4.68,0,,,,,Jun 2025,https://www.myjobquote.co.uk/t/william-mcneil-joinery,myjobquote
LGS Developments,,Carpenter,,,4.68,0,,ID Checked,,,2008,https://www.myjobquote.co.uk/t/lgs-developments,myjobquote
Botsis Joinery,,Carpenter,,,4.68,0,,ID Checked; Public Liability Insurance,,,Dec 2024,https://www.myjobquote.co.uk/t/botsis-joinery,myjobquote
chloe,,Carpenter,,,4.68,0,,ID Checked,,,Oct 2024,https://www.myjobquote.co.uk/t/sm-joinery-5,myjobquote
Twin Oaks Carpentry,,Carpenter,,,5,1,,ID Checked,,,2024,https://www.myjobquote.co.uk/t/twin-oaks-carpentry,myjobquote
L&G Carpentry,,Carpenter,,,5,10,,ID Checked,,,1999,https://www.myjobquote.co.uk/t/lg-carpentry-4,myjobquote
Max&#039;s Handy Services,,Carpenter,,,5,1,,ID Checked,,,2025,https://www.myjobquote.co.uk/t/maxs-handy-services,myjobquote
Langman Carpentry,,Carpenter,,,5,1,,ID Checked,,,Jan 2026,https://www.myjobquote.co.uk/t/langman-carpentry,myjobquote
Davies Carpentry and Roofing,,Carpenter,,,5,1,07451261310,ID Checked; Public Liability Insurance,,,2012,https://www.myjobquote.co.uk/t/davies-carpentry-and-roofing,myjobquote
Taylor made Carpentry & Handyman Services,,Carpenter,,,5,4,,ID Checked,,,2023,https://www.myjobquote.co.uk/t/taylor-made-carpentry-handyman-services,myjobquote
Workforce Home Improvements Ltd,,Carpenter,,,5,3,,ID Checked,,,2009,https://www.myjobquote.co.uk/t/workforce-home-improvements-ltd,myjobquote
Craftsman Carpentry & Building,,Carpenter,,,4.68,0,,ID Checked,,,2024,https://www.myjobquote.co.uk/t/craftsman-carpentry-building,myjobquote
Anthony Jenkins,,Carpenter,,,4.68,0,,ID Checked,,,2016,https://www.myjobquote.co.uk/t/anthony-jenkins,myjobquote
E.T Carpentry,,Carpenter,,,5,1,,ID Checked,,,2023,https://www.myjobquote.co.uk/t/et-carpentry,myjobquote
doorpro installations,,Carpenter,,,5,5,,ID Checked; Public Liability Insurance,,,2012,https://www.myjobquote.co.uk/t/doorpro-installations,myjobquote
Insulationize ltd,,Carpenter,,,5,20,,ID Checked,,,2015,https://www.myjobquote.co.uk/t/insulationize-ltd,myjobquote
Custom Carpentry Solutions,,Carpenter,,,4,2,07418344606,ID Checked,,,2016,https://www.myjobquote.co.uk/t/custom-carpentry-solutions,myjobquote
Plastamast,,Carpenter,,,5,142,,ID Checked; Public Liability Insurance,,,2017,https://www.myjobquote.co.uk/t/plastamast,myjobquote
J&M Roofing and Landscaping,,Carpenter,,,5,1,,ID Checked,,,Apr 2021,https://www.myjobquote.co.uk/t/jm-roofing-and-landscaping,myjobquote
Corey Martin Carpentry and Joinery,,Carpenter,,,5,1,,ID Checked,,,2024,https://www.myjobquote.co.uk/t/corey-martin-carpentry-and-joinery,myjobquote
JD Signature builds,,Carpenter,,,5,2,07418344783,ID Checked; Public Liability Insurance,,,2020,https://www.myjobquote.co.uk/t/jd-signature-builds,myjobquote
Paul Nicholas Carpentry and Maintenance Services,,Carpenter,,,5,142,,ID Checked,,,2011,https://www.myjobquote.co.uk/t/paul-nicholas-carpentry-and-maintenance-services,myjobquote
C H Carpentry & Maintenance,,Carpenter,,,5,2,,ID Checked; Public Liability Insurance,,,2024,https://www.myjobquote.co.uk/t/c-h-carpentry-maintenance,myjobquote
GM Joinery and Carpentry,,Carpenter,,,5,1,,ID Checked,,,2015,https://www.myjobquote.co.uk/t/gm-joinery-and-carpentry,myjobquote
cameran,,Carpenter,,,4.68,0,,,,,Jan 2026,https://www.myjobquote.co.uk/t/cameran,myjobquote
cameran,,Carpenter,,,5,1,,ID Checked; Public Liability Insurance,,,2001,https://www.myjobquote.co.uk/t/hh-building-renovation-services-ltd,myjobquote
Fused Electrics,,Carpenter,,,5,3,,ID Checked,,,2022,https://www.myjobquote.co.uk/t/fused-electrics,myjobquote
PAK Carpentry,,Carpenter,,,5,3,,ID Checked,,,Nov 2025,https://www.myjobquote.co.uk/t/pak-carpentry,myjobquote
Premier Outdoor Spaces,,Carpenter,,,5,1,,ID Checked; Public Liability Insurance,,,2020,https://www.myjobquote.co.uk/t/premier-outdoor-spaces,myjobquote
gavin carpentry services,,Carpenter,,,5,12,,ID Checked,,,2023,https://www.myjobquote.co.uk/t/gavin-carpentry-services,myjobquote
NiallDaviesCarpentry,,Carpenter,,,4,1,,ID Checked,,,2025,https://www.myjobquote.co.uk/t/nialldaviescarpentry,myjobquote
Inspire Electrical and Plumbing Ltd,,Carpenter,,,4,10,,ID Checked,,,2024,https://www.myjobquote.co.uk/t/inspire-electrical-and-plumbing-ltd,myjobquote
S&j carpentry services,,Carpenter,,,5,1,,ID Checked,,,Nov 2024,https://www.myjobquote.co.uk/t/sj-carpentry-services,myjobquote
Furniture Fix,,Carpenter,,,5,3,,ID Checked,,,2010,https://www.myjobquote.co.uk/t/furniture-fix,myjobquote
CWE Carpentry,,Carpenter,,,5,1,,ID Checked,,,2023,https://www.myjobquote.co.uk/t/cwe-carpentry,myjobquote
Jonathan voisey,,Carpenter,,,5,4,,ID Checked,,,2003,https://www.myjobquote.co.uk/t/jonathan-voisey,myjobquote
Bolt carpentry&plastering,,Carpenter,,,4.68,0,,ID Checked,,,Aug 2023,https://www.myjobquote.co.uk/t/bolt-carpentryplastering,myjobquote
Abertawe Roofing Contractors /ARC ROOFING,,Carpenter,,,4.68,0,,ID Checked,,,Oct 2024,https://www.myjobquote.co.uk/t/abertawe-roofing-contractors-arc-roofing,myjobquote
Dom Home Improvements,,Carpenter,,,4.68,0,,ID Checked,,,2013,https://www.myjobquote.co.uk/t/dom-home-improvements-1,myjobquote
jensen yeomans,,Carpenter,,,4.68,0,,ID Checked,,,Jan 2022,https://www.myjobquote.co.uk/t/jensen-yeomans,myjobquote
jensen yeomans,,Carpenter,,,4.68,0,,,,,Jan 2024,https://www.myjobquote.co.uk/t/apex-carpentry-6,myjobquote
Apex Carpentry,,Carpenter,,,4.68,0,,,,,Jun 2024,https://www.myjobquote.co.uk/t/scotts-general-maintenance,myjobquote
lLJ carpentry & installations,,Carpenter,,,4.68,0,,ID Checked,,,Jul 2025,https://www.myjobquote.co.uk/t/llj-carpentry-installations,myjobquote
Woodford building seevices,,Carpenter,,,4.68,0,,ID Checked,,,Dec 2025,https://www.myjobquote.co.uk/t/woodford-building-seevices,myjobquote
LorenzoCrugnale,,Carpenter,,,4.68,0,,ID Checked,,,Mar 2025,https://www.myjobquote.co.uk/t/lorenzocrugnale,myjobquote
C2C Construction Ltd,,Carpenter,,,4.68,0,,ID Checked,,,Mar 2025,https://www.myjobquote.co.uk/t/c2c-construction-ltd,myjobquote
Giles Woodwork and Construction,,Carpenter,,,4.68,0,,ID Checked,,,2024,https://www.myjobquote.co.uk/t/giles-woodwork-and-construction,myjobquote
Fen Wilson,,Carpenter,,,4.68,0,,ID Checked,,,Aug 2025,https://www.myjobquote.co.uk/t/fen-wilson,myjobquote
Fen Wilson,,Carpenter,,,4.68,0,,,,,May 2025,https://www.myjobquote.co.uk/t/samss,myjobquote
Samss,,Carpenter,,,4.68,0,,ID Checked; Public Liability Insurance,,,Feb 2024,https://www.myjobquote.co.uk/t/krp-carpentry-building-ltd,myjobquote
HC CARPENTRY AND FRAMING LTD,,Carpenter,,,4.68,0,,ID Checked,,,Jan 2026,https://www.myjobquote.co.uk/t/hc-carpentry-and-framing-ltd,myjobquote
Gower Craftworks Carpentry & Home Maintenance,,Carpenter,,,4.68,0,,ID Checked,,,Aug 2025,https://www.myjobquote.co.uk/t/gower-craftworks-carpentry-home-maintenance,myjobquote
Sw Carpentry,,Carpenter,,,4.68,0,,ID Checked,,,Jun 2023,https://www.myjobquote.co.uk/t/sw-carpentry,myjobquote
Sw Carpentry,,Carpenter,,,4.68,0,,ID Checked,,,2006,https://www.myjobquote.co.uk/t/dial-carpentry-ltd,myjobquote
rose ceramic,,Carpenter,,,4,1,,,,,Jun 2024,https://www.myjobquote.co.uk/t/rose-ceramic,myjobquote
Ace carpentry and building,,Carpenter,,,4.68,0,,ID Checked,,,Feb 2023,https://www.myjobquote.co.uk/t/ace-carpentry-and-building,myjobquote
MJS Builders,,Carpenter,,,4.68,0,,ID Checked,,,Jan 2023,https://www.myjobquote.co.uk/t/mjs-builders,myjobquote
MJS Builders,,Carpenter,,,4.68,0,,ID Checked,,,Nov 2024,https://www.myjobquote.co.uk/t/allan-4,myjobquote
Allan,,Carpenter,,,4.68,0,,ID Checked,,,Jul 2022,https://www.myjobquote.co.uk/t/bc-carpentry-2,myjobquote
Connor williams,,Carpenter,,,4.68,0,,ID Checked,,,Mar 2024,https://www.myjobquote.co.uk/t/connor-williams,myjobquote
Jake bevan,,Carpenter,,,4.68,0,,,,,Apr 2022,https://www.myjobquote.co.uk/t/jake-bevan,myjobquote
Tian hopkins carpentery,,Carpenter,,,4.68,0,,,,,Jun 2023,https://www.myjobquote.co.uk/t/tian-hopkins-carpentery,myjobquote
Tian hopkins carpentery,,Carpenter,,,4.68,0,,,,,Oct 2024,https://www.myjobquote.co.uk/t/tedex-construction-ltd,myjobquote
KH Carpentry,,Carpenter,,,4.68,0,,ID Checked,,,Mar 2025,https://www.myjobquote.co.uk/t/kh-carpentry-3,myjobquote
D.G.Bolton,,Carpenter,,,4.68,0,,,,,May 2022,https://www.myjobquote.co.uk/t/dgbolton-1,myjobquote
D.G.Bolton,,Carpenter,,,4.68,0,,,,,May 2022,https://www.myjobquote.co.uk/t/ellis-fish-carpentry,myjobquote
Ellis Fish Carpentry,,Carpenter,,,4.68,0,,,,,May 2022,https://www.myjobquote.co.uk/t/secure-carpentry,myjobquote
Secure carpentry,,Carpenter,,,4.68,0,,,,,Nov 2022,https://www.myjobquote.co.uk/t/jonny-howells,myjobquote
GlassHorizon  Designs LTD,,Carpenter,,,4.68,0,,ID Checked,,,Oct 2024,https://www.myjobquote.co.uk/t/glasshorizon-designs-ltd,myjobquote
JD carpentry,,Carpenter,,,4.68,0,,ID Checked,,,Jan 2024,https://www.myjobquote.co.uk/t/jd-carpentry-3,myjobquote
jonny banks,,Carpenter,,,4.68,0,,ID Checked,,,Aug 2023,https://www.myjobquote.co.uk/t/jonny-banks,myjobquote
jonny banks,,Carpenter,,,4.7,9,,ID Checked,,,2022,https://www.myjobquote.co.uk/t/cmroofing-speciaist-and-ground-matanence,myjobquote
JSSW Carpentry and Tiling,,Carpenter,,,5,2,,ID Checked,,,2017,https://www.myjobquote.co.uk/t/jssw-carpentry-and-tiling,myjobquote
Tom Lewis carpentry,,Carpenter,,,5,5,,ID Checked; Public Liability Insurance,,,2020,https://www.myjobquote.co.uk/t/tom-lewis-carpentry,myjobquote
Let’s Bespoke,,Carpenter,,,5,2,,ID Checked,,,2025,https://www.myjobquote.co.uk/t/lets-bespoke,myjobquote
Sinvula Solutions,,Carpenter,,,5,8,,ID Checked; Public Liability Insurance,,,2020,https://www.myjobquote.co.uk/t/sinvula-solutions,myjobquote
Fabians  carpentry,,Carpenter,,,5,16,,ID Checked,,,2016,https://www.myjobquote.co.uk/t/fabians-carpentry,myjobquote
Taff The Brush,,Carpenter,,,5,7,,ID Checked,,,2010,https://www.myjobquote.co.uk/t/taff-the-brush,myjobquote
Revamp and Renew Building Solutions,,Carpenter,,,4.8,30,,ID Checked,,,2022,https://www.myjobquote.co.uk/t/revamp-and-renew-building-solutions,myjobquote
Dafs wood work,,Carpenter,,,4.5,2,,ID Checked,,,2024,https://www.myjobquote.co.uk/t/dafs-wood-work,myjobquote
Karina Lane Construction Limited.,,Carpenter,,,5,1,,ID Checked,,,2019,https://www.myjobquote.co.uk/t/karina-lane-construction-limited,myjobquote
Alex Lee Carpenter and Builder,,Carpenter,,,4.9,53,,ID Checked,,,2000,https://www.myjobquote.co.uk/t/alex-lee-carpenter-and-builder,myjobquote
TYRO Carpentry,,Carpenter,,,4.9,4,,ID Checked,,,2024,https://www.myjobquote.co.uk/t/tyro-carpentry,myjobquote
Njm carpentry construction ltd,,Carpenter,,,5,1,,ID Checked,,,2010,https://www.myjobquote.co.uk/t/njm-carpentry-construction-ltd,myjobquote
A1 Carpentry Solutions,,Carpenter,,,5,1,,ID Checked,,,,https://www.myjobquote.co.uk/t/a1-carpentry-solutions,myjobquote
Jp carpentry,,Carpenter,,,5,1,,ID Checked,,,2020,https://www.myjobquote.co.uk/t/jp-carpentry-1,myjobquote
HSG INTERIORS BGR LTD,,Carpenter,,,5,1,,ID Checked,,,2018,https://www.myjobquote.co.uk/t/hsg-interiors-bgr-ltd,myjobquote
Owain Hayman,,Carpenter,,,5,1,,ID Checked,,,Jan 2019,https://www.myjobquote.co.uk/t/owain-hayman,myjobquote
MW Carpentry,,Carpenter,,,5,1,,ID Checked,,,2019,https://www.myjobquote.co.uk/t/mw-carpentry-1,myjobquote
Frost plastering and building,,Carpenter,,,4.68,0,,ID Checked,,,Sep 2020,https://www.myjobquote.co.uk/t/frost-plastering-and-building,myjobquote
Handyman Near Me,,Carpenter,,,4.68,0,,ID Checked,,,2012,https://www.myjobquote.co.uk/t/handyman-near-me,myjobquote
dp Services Wales,,Carpenter,,,4.68,0,,ID Checked,,,in 2001,https://www.myjobquote.co.uk/t/dp-services-wales,myjobquote
DAG construction ltd,,Carpenter,,,4.68,0,07441471291,ID Checked,,,1963,https://www.myjobquote.co.uk/t/dag-construction-ltd,myjobquote
Gower Composite Decking and carpentry Ltd,,Carpenter,,,4.68,0,,ID Checked,,,2019,https://www.myjobquote.co.uk/t/gower-composite-decking-and-carpentry-ltd,myjobquote
WarmTec Home Improvements Ltd,,Carpenter,,,4.68,0,,ID Checked,,,Dec 2023,https://www.myjobquote.co.uk/t/warmtec-home-improvements-ltd,myjobquote
Jamie,,Carpenter,,,4.68,0,,ID Checked,,,2025,https://www.myjobquote.co.uk/t/jamie-27,myjobquote
AT Carpentry & Timber Frame,,Carpenter,,,4.68,0,,ID Checked,,,Apr 2022,https://www.myjobquote.co.uk/t/at-carpentry-timber-frame,myjobquote
AT Carpentry & Timber Frame,,Carpenter,,,4.68,0,,,,,Oct 2024,https://www.myjobquote.co.uk/t/coastland-installations,myjobquote
FL Carpentry,,Carpenter,,,4.68,0,,,,,Mar 2025,https://www.myjobquote.co.uk/t/fl-carpentry,myjobquote
FL Carpentry,,Carpenter,,,4.68,0,,ID Checked,,,Jul 2023,https://www.myjobquote.co.uk/t/kgm-construction-1,myjobquote
Kgm construction,,Carpenter,,,4.68,0,,ID Checked,,,2023,https://www.myjobquote.co.uk/t/ten-ten-construction-ltd,myjobquote
The Carpenter,,Carpenter,,,4.68,0,,ID Checked,,,Dec 2023,https://www.myjobquote.co.uk/t/the-carpenter-1,myjobquote
The Carpenter,,Carpenter,,,4.68,0,,ID Checked,,,Sep 2024,https://www.myjobquote.co.uk/t/ap-carpentry-5,myjobquote
Scott Williams Carpentry and Building Services,,Carpenter,,,4.68,0,,ID Checked,,,Dec 2023,https://www.myjobquote.co.uk/t/scott-williams-carpentry-and-building-services,myjobquote
PARKER’S Home Improvements,,Carpenter,,,5,1,,ID Checked,,,Jan 2026,https://www.myjobquote.co.uk/t/parkers-home-improvements,myjobquote
Hoys Carpentry,,Carpenter,,,5,3,,ID Checked,,,2019,https://www.myjobquote.co.uk/t/hoys-carpentry,myjobquote
KP contractors,,Carpenter,,,5,1,,ID Checked,,,Oct 2023,https://www.myjobquote.co.uk/t/kp-contractors,myjobquote
Saeed Handyman Services,,Carpenter,,,4.68,0,,ID Checked,,,2023,https://www.myjobquote.co.uk/t/saeed-handyman-services,myjobquote
Saeed Handyman Services,,Carpenter,,,4.68,0,,Public Liability Insurance,,,Dec 2023,https://www.myjobquote.co.uk/t/bespoke-designer-joinery-ltd,myjobquote
Michael bell,,Carpenter,,,4.68,0,,Public Liability Insurance,,,Jan 2023,https://www.myjobquote.co.uk/t/michael-bell-1,myjobquote
On Point Carpentry,,Carpenter,,,4,12,07418363452,ID Checked; Public Liability Insurance,,,2021,https://www.myjobquote.co.uk/t/on-point-carpentry,myjobquote
Avon Sash Specialists,,Carpenter,,,5,1,,ID Checked,,,2020,https://www.myjobquote.co.uk/t/avon-sash-specialists,myjobquote
Inobuild ltd,,Carpenter,,,5,23,,ID Checked,,,2005,https://www.myjobquote.co.uk/t/inobuild-ltd,myjobquote
Stef Carpentry,,Carpenter,,,5,33,,ID Checked,,,2016,https://www.myjobquote.co.uk/t/stef-carpentry,myjobquote
W f carpentry,,Carpenter,,,4,1,,ID Checked,,,2023,https://www.myjobquote.co.uk/t/w-f-carpentry,myjobquote
SM CARPENTRY,,Carpenter,,,4,1,,ID Checked,,,Jan 2019,https://www.myjobquote.co.uk/t/sm-carpentry-5,myjobquote
SELFMADE,,Carpenter,,,4.68,0,,ID Checked,,,Apr 2024,https://www.myjobquote.co.uk/t/selfmade,myjobquote
Charlie,,Carpenter,,,4.68,0,,,,,Jul 2024,https://www.myjobquote.co.uk/t/charlie-15,myjobquote
Charlie,,Carpenter,,,4.68,0,,ID Checked,,,Apr 2022,https://www.myjobquote.co.uk/t/npos-construction-limited,myjobquote
YLYT Limited,,Carpenter,,,4.68,0,,ID Checked,,,2024,https://www.myjobquote.co.uk/t/ylyt-limited,myjobquote
YLYT Limited,,Carpenter,,,4.9,9,,ID Checked,,,2007,https://www.myjobquote.co.uk/t/flat-pack-specialist,myjobquote
CB CARPENTRY & FLOORS,,Carpenter,,,4.68,0,,ID Checked,,,2008,https://www.myjobquote.co.uk/t/cb-carpentry-floors,myjobquote
Alpha carpentery,,Carpenter,,,4.68,0,,ID Checked,,,Oct 2019,https://www.myjobquote.co.uk/t/alpha-carpentery,myjobquote
Alpha carpentery,,Carpenter,,,4.68,0,,ID Checked,,,2014,https://www.myjobquote.co.uk/t/mtdlogistics-ltd,myjobquote
Jaspal,,Carpenter,,,4.68,0,,ID Checked,,,Mar 2023,https://www.myjobquote.co.uk/t/jaspal-6,myjobquote
Jaspal,,Carpenter,,,4.68,0,,,,,Oct 2025,https://www.myjobquote.co.uk/t/kangotra-wood-works,myjobquote
Kangotra Wood works,,Carpenter,,,4.68,0,,,,,May 2024,https://www.myjobquote.co.uk/t/d-n-landscaping-diy-services,myjobquote
"D & N Landscaping, DIY services",,Carpenter,,,4.68,0,,,,,Feb 2026,https://www.myjobquote.co.uk/t/tab-carpentry,myjobquote
Outdoor Innovations Alan and Nicola,,Carpenter,,,5,1,,ID Checked,,,2024,https://www.myjobquote.co.uk/t/outdoor-innovations-alan-and-nicola,myjobquote
H&M RENOVATIONS LTD,,Carpenter,,,5,2,,ID Checked,,,2004,https://www.myjobquote.co.uk/t/hm-renovations-ltd,myjobquote
Jack Davis Construction,,Carpenter,,,4.9,46,,ID Checked,,,2025,https://www.myjobquote.co.uk/t/jack-davis-construction,myjobquote
First Choice Repairs,,Carpenter,,,5,7,,ID Checked,,,2011,https://www.myjobquote.co.uk/t/first-choice-repairs-1,myjobquote
Iestyn Arnold,,Carpenter,,,5,8,,ID Checked,,,2019,https://www.myjobquote.co.uk/t/iestyn-arnold,myjobquote
Twr carpentry,,Carpenter,,,5,1,,ID Checked,,,2021,https://www.myjobquote.co.uk/t/twr-carpentry-1,myjobquote
SDR carpentry & plumbing,,Carpenter,,,4.5,2,,ID Checked,,,2020,https://www.myjobquote.co.uk/t/sdr-carpentry-plumbing,myjobquote
S and G Joinery,,Carpenter,,,4.9,14,,ID Checked,,,2005,https://www.myjobquote.co.uk/t/s-and-g-joinery,myjobquote
JJ construction and Carpentry,,Carpenter,,,4.68,0,,ID Checked,,,2020,https://www.myjobquote.co.uk/t/jj-construction-and-carpentry,myjobquote
SJP carpentry,,Carpenter,,,4.68,0,,,,,Sep 2020,https://www.myjobquote.co.uk/t/sjp-carpentry,myjobquote
SJP carpentry,,Carpenter,,,4.68,0,,ID Checked,,,Jul 2025,https://www.myjobquote.co.uk/t/shakesheff-carpentry,myjobquote
Brook & Cotter,,Carpenter,,,4.68,0,,ID Checked,,,Nov 2022,https://www.myjobquote.co.uk/t/brook-cotter-1,myjobquote
Newport fencing and decking,,Carpenter,,,4.68,0,,ID Checked,,,2018,https://www.myjobquote.co.uk/t/newport-fencing-and-decking,myjobquote
JR Construction Ltd,,Carpenter,,,4.68,0,,,,,Aug 2020,https://www.myjobquote.co.uk/t/jr-construction-ltd,myjobquote
Ncsa contractors,,Carpenter,,,4.68,0,,ID Checked,,,Feb 2026,https://www.myjobquote.co.uk/t/ncsa-contractors,myjobquote
BXN developments,,Carpenter,,,4.68,0,,ID Checked; Public Liability Insurance,,,2022,https://www.myjobquote.co.uk/t/bxn-developments,myjobquote
Caroentery & Joinery,,Carpenter,,,4.68,0,,ID Checked,,,Sep 2022,https://www.myjobquote.co.uk/t/caroentery-joinery,myjobquote
Caroentery & Joinery,,Carpenter,,,4.68,0,,ID Checked,,,Aug 2024,https://www.myjobquote.co.uk/t/neil-dibble,myjobquote
t groves carpentry,,Carpenter,,,4.68,0,,Public Liability Insurance,,,Jan 2024,https://www.myjobquote.co.uk/t/t-groves-carpentry,myjobquote
Gardens and Homes,,Carpenter,,,4.68,0,,ID Checked,,,2021,https://www.myjobquote.co.uk/t/gardens-and-homes,myjobquote
A.S.Carpentry,,Carpenter,,,4.68,0,,ID Checked,,,2026,https://www.myjobquote.co.uk/t/ascarpentry-1,myjobquote
Gjl carpentry & building,,Carpenter,,,4.68,0,,ID Checked,,,1987,https://www.myjobquote.co.uk/t/gjl-carpentry-building,myjobquote
ALD Carpentry,,Carpenter,,,4.68,0,,ID Checked; Public Liability Insurance,,,2010,https://www.myjobquote.co.uk/t/ald-carpentry,myjobquote
Haus carpentry & construction ltd,,Carpenter,,,4.68,0,,ID Checked,,,Feb 2017,https://www.myjobquote.co.uk/t/haus-carpentry-construction-ltd,myjobquote
Superier interior,,Carpenter,,,4.68,0,,ID Checked,,,2000,https://www.myjobquote.co.uk/t/superier-interior,myjobquote
Venture Build,,Carpenter,,,4.68,0,,ID Checked,,,May 2023,https://www.myjobquote.co.uk/t/venture-build,myjobquote
JB Carpentry & Joinery,,Carpenter,,,4.8,4,,ID Checked,,,Jan 2026,https://www.myjobquote.co.uk/t/jb-carpentry-joinery,myjobquote
Handyman,,Carpenter,,,4.68,0,,ID Checked,,,Jun 2022,https://www.myjobquote.co.uk/t/handyman-510,myjobquote
Handyman,,Carpenter,,,4.68,0,,,,,Mar 2025,https://www.myjobquote.co.uk/t/michael-goward,myjobquote
Michael goward,,Carpenter,,,4.68,0,,,,,Feb 2022,https://www.myjobquote.co.uk/t/daniel-morosan-1,myjobquote
MNL carpentry,,Carpenter,,,4.68,0,,,,,May 2023,https://www.myjobquote.co.uk/t/mnl-carpentry,myjobquote
Jays carpentry and joinery,,Carpenter,,,4.68,0,,,,,Jul 2025,https://www.myjobquote.co.uk/t/jays-carpentry-and-joinery,myjobquote
G r joiners,,Carpenter,,,4.68,0,,,,,Jun 2025,https://www.myjobquote.co.uk/t/g-r-joiners,myjobquote
G r joiners,,Carpenter,,,4.68,0,,,,,Jul 2025,https://www.myjobquote.co.uk/t/bgz-construction,myjobquote
MDLWOODFLOORING,,Carpenter,,,4.68,0,,,,,Mar 2022,https://www.myjobquote.co.uk/t/mdlwoodflooring,myjobquote
MDLWOODFLOORING,,Carpenter,,,4.68,0,,ID Checked; Public Liability Insurance,,,Jun 2025,https://www.myjobquote.co.uk/t/gavin-rhys,myjobquote
Dynamic carpentry & construction,,Carpenter,,,4.68,0,,ID Checked; Public Liability Insurance,,,Sep 2023,https://www.myjobquote.co.uk/t/dynamic-carpentry-construction,myjobquote
Mitchs&#039; Carpentry and Handy Services,,Carpenter,,,4.68,0,,,,,Feb 2023,https://www.myjobquote.co.uk/t/mitchs-carpentry-and-handy-services,myjobquote
Mitchs&#039; Carpentry and Handy Services,,Carpenter,,,4.68,0,,,,,Dec 2025,https://www.myjobquote.co.uk/t/private-179,myjobquote
Mary John,,Carpenter,,,4.68,0,,,,,Feb 2022,https://www.myjobquote.co.uk/t/mary-john,myjobquote
Mary John,,Carpenter,,,4.68,0,,,,,Feb 2022,https://www.myjobquote.co.uk/t/daramaulod,myjobquote
daramaulod,,Carpenter,,,4.68,0,,,,,Aug 2025,https://www.myjobquote.co.uk/t/edwards-carpentry-3,myjobquote
Edwards Carpentry,,Carpenter,,,4.68,0,,ID Checked,,,2003,https://www.myjobquote.co.uk/t/paul-powell-carpentry,myjobquote
J P Carpentry,,Carpenter,,,4.68,0,,ID Checked,,,Jul 2017,https://www.myjobquote.co.uk/t/j-p-carpentry-1,myjobquote
Jones & Featherstone Carpentry Ltd,,Carpenter,,,4.68,0,,ID Checked,,,Mar 2026,https://www.myjobquote.co.uk/t/jones-featherstone-carpentry-ltd,myjobquote
Mike sainsbury,,Carpenter,,,4.68,0,,ID Checked,,,Feb 2023,https://www.myjobquote.co.uk/t/mike-sainsbury,myjobquote
Mike sainsbury,,Carpenter,,,4.68,0,,ID Checked,,,2021,https://www.myjobquote.co.uk/t/ie-carpentry,myjobquote
IE carpentry,,Carpenter,,,5,3,07418349819,ID Checked; Public Liability Insurance,,,2015,https://www.myjobquote.co.uk/t/sd-home-renovation,myjobquote
E.L.S,,Carpenter,,,5,1,,Public Liability Insurance,,,Aug 2025,https://www.myjobquote.co.uk/t/els,myjobquote
JN Building Services & Property Development Limited,,Carpenter,,,5,1,,ID Checked; Public Liability Insurance,,,2025,https://www.myjobquote.co.uk/t/jn-building-services-property-development-limited,myjobquote
Baldwin carpentry,,Carpenter,,,5,1,,ID Checked,,,2011,https://www.myjobquote.co.uk/t/baldwin-carpentry,myjobquote
Richwoodwindowdesigns,,Carpenter,,,5,6,07418369559,ID Checked,,,2004,https://www.myjobquote.co.uk/t/richwoodwindowdesigns,myjobquote
Martins carpentry services,,Carpenter,,,5,5,,ID Checked,,,Dec 2023,https://www.myjobquote.co.uk/t/martins-carpentry-services,myjobquote
RICHARD CROFT,,Carpenter,,,5,1,,ID Checked,,,2021,https://www.myjobquote.co.uk/t/richard-croft,myjobquote
COOKMECH Ltd,,Carpenter,,,5,2,,ID Checked,,,2023,https://www.myjobquote.co.uk/t/cookmech-ltd,myjobquote
Jennings Multi trade/carpenter,,Carpenter,,,5,1,,ID Checked,,,2020,https://www.myjobquote.co.uk/t/jennings-multi-tradecarpenter,myjobquote
Jw carpentry,,Carpenter,,,4.9,4,,ID Checked,,,2016,https://www.myjobquote.co.uk/t/jw-carpentry-6,myjobquote
Cymru Construction,,Carpenter,,,5,1,,ID Checked,,,2021,https://www.myjobquote.co.uk/t/cymru-construction,myjobquote
Levi’s joinery,,Carpenter,,,4.5,2,,ID Checked,,,,https://www.myjobquote.co.uk/t/levis-joinery,myjobquote
D h joinery,,Carpenter,,,4.68,0,,ID Checked,,,Nov 2023,https://www.myjobquote.co.uk/t/d-h-joinery-2,myjobquote
D h joinery,,Carpenter,,,4.68,0,,ID Checked,,,2023,https://www.myjobquote.co.uk/t/homeprove,myjobquote
Martin Joinery Service,,Carpenter,,,5,3,,ID Checked,,,1980,https://www.myjobquote.co.uk/t/martin-joinery-service,myjobquote
Andrew Fitton and Sons,,Carpenter,,,5,6,,ID Checked,,,1980,https://www.myjobquote.co.uk/t/andrew-fitton-and-sons,myjobquote
Dave&#039;s services,,Carpenter,,,5,4,,ID Checked,,,2023,https://www.myjobquote.co.uk/t/daves-services,myjobquote
W G Hartley,,Carpenter,,,5,3,,ID Checked,,,2008,https://www.myjobquote.co.uk/t/w-g-hartley,myjobquote
Edison Joinery,,Carpenter,,,5,14,,ID Checked,,,2022,https://www.myjobquote.co.uk/t/edison-joinery,myjobquote
Joseph&#039;s Bespoke Joinery,,Carpenter,,,5,2,,ID Checked,,,2026,https://www.myjobquote.co.uk/t/josephs-bespoke-joinery,myjobquote
Beestons Property Services,,Carpenter,,,5,4,,ID Checked; Public Liability Insurance,,,1996,https://www.myjobquote.co.uk/t/beestons-property-services,myjobquote
RTJE Carpentry & Locksmith,,Carpenter,,,5,1,,ID Checked,,,2024,https://www.myjobquote.co.uk/t/rtje-carpentry-locksmith,myjobquote
DH Joinery,,Carpenter,,,5,6,,ID Checked,,,Feb 2026,https://www.myjobquote.co.uk/t/dh-joinery-5,myjobquote
Bright Home Solutions,,Carpenter,,,5,30,,ID Checked,,,2018,https://www.myjobquote.co.uk/t/bright-home-solutions-1,myjobquote
DuniaBuildLTD,,Carpenter,,,5,3,,ID Checked,,,2000,https://www.myjobquote.co.uk/t/duniabuildltd,myjobquote
David murtagh,,Carpenter,,,5,5,,ID Checked,,,2000,https://www.myjobquote.co.uk/t/david-murtagh,myjobquote
Romenzo Construction,,Carpenter,,,5,15,,ID Checked; Public Liability Insurance,,,2020,https://www.myjobquote.co.uk/t/romenzo-construction,myjobquote
Henry Property Services,,Carpenter,,,5,60,,ID Checked; Public Liability Insurance,,,2010,https://www.myjobquote.co.uk/t/henry-property-services-1,myjobquote
KRJoinery,,Carpenter,,,5,2,,ID Checked,,,2021,https://www.myjobquote.co.uk/t/krjoinery,myjobquote
OD Carpentry & Gardens,,Carpenter,,,5,3,,ID Checked; Public Liability Insurance,,,2006,https://www.myjobquote.co.uk/t/od-carpentry-gardens,myjobquote
D &S Joinery,,Carpenter,,,5,8,,ID Checked,,,1990,https://www.myjobquote.co.uk/t/d-s-joinery-1,myjobquote
DMJoinery,,Carpenter,,,5,2,,ID Checked,,,,https://www.myjobquote.co.uk/t/dmjoinery-2,myjobquote
Discount Doors,,Carpenter,,,5,27,,ID Checked,,,Feb 2026,https://www.myjobquote.co.uk/t/discount-doors,myjobquote
Lee Houghton,,Carpenter,,,4,1,,ID Checked,,,Mar 2019,https://www.myjobquote.co.uk/t/lee-houghton-1,myjobquote
Severin Taylor,,Carpenter,,,5,1,,ID Checked,,,Jan 2026,https://www.myjobquote.co.uk/t/severin-taylor,myjobquote
Pro-Fit Solutions,,Carpenter,,,5,29,,ID Checked,,,Jan 2026,https://www.myjobquote.co.uk/t/pro-fit-solutions,myjobquote
t.porter joinery,,Carpenter,,,5,10,,ID Checked,,,1998,https://www.myjobquote.co.uk/t/tporter-joinery,myjobquote
K&W joinery,,Carpenter,,,4.68,0,,ID Checked,,,Jun 2020,https://www.myjobquote.co.uk/t/kw-joinery-1,myjobquote
Philip Evans,,Carpenter,,,4.68,0,,Public Liability Insurance,,,Jan 2024,https://www.myjobquote.co.uk/t/philip-evans,myjobquote
Sam sinclair,,Carpenter,,,4.68,0,,ID Checked,,,May 2023,https://www.myjobquote.co.uk/t/sam-sinclair,myjobquote
Sam sinclair,,Carpenter,,,4.68,0,,ID Checked,,,Jan 2026,https://www.myjobquote.co.uk/t/kenzie-16,myjobquote
Kenzie,,Carpenter,,,4.68,0,,,,,May 2024,https://www.myjobquote.co.uk/t/cians,myjobquote
cians,,Carpenter,,,4.68,0,,,,,Oct 2025,https://www.myjobquote.co.uk/t/andy-salisbury,myjobquote
Andy salisbury,,Carpenter,,,4.68,0,,,,,Mar 2026,https://www.myjobquote.co.uk/t/andrew-gould-1,myjobquote
Andrew gould,,Carpenter,,,4.68,0,,,,,Mar 2024,https://www.myjobquote.co.uk/t/add-mart-joinery-shopfitting-ltd,myjobquote
Dylan noot,,Carpenter,,,4.68,0,,,,,May 2023,https://www.myjobquote.co.uk/t/dylan-noot,myjobquote
PRS SERVICES NW,,Carpenter,,,5,158,07441473165,ID Checked,,,2023,https://www.myjobquote.co.uk/t/prs-services-nw,myjobquote
Lowe builders,,Carpenter,,,5,4,,ID Checked,,,Dec 2022,https://www.myjobquote.co.uk/t/lowe-builders-1,myjobquote
M&j harrison property maintenance,,Carpenter,,,4,154,,ID Checked,,,2017,https://www.myjobquote.co.uk/t/mj-harrison-property-maintenance,myjobquote
JW Carpentry,,Carpenter,,,5,5,,ID Checked,,,2005,https://www.myjobquote.co.uk/t/jw-carpentry-7,myjobquote
Jayden&#039;s Property Services,,Carpenter,,,5,3,,ID Checked,,,2025,https://www.myjobquote.co.uk/t/jaydens-property-services,myjobquote
Sutcliffe Solutions,,Carpenter,,,5,3,,ID Checked; Public Liability Insurance,,,2025,https://www.myjobquote.co.uk/t/sutcliffe-solutions-1,myjobquote
Miguel Rodriguez,,Carpenter,,,5,5,,ID Checked,,,2020,https://www.myjobquote.co.uk/t/miguel-rodriguez,myjobquote
Vertexlofts,,Carpenter,,,4,1,,ID Checked,,,2025,https://www.myjobquote.co.uk/t/vertexlofts,myjobquote
MJT Joinery Ltd,,Carpenter,,,5,1,,ID Checked,,,Jan 2026,https://www.myjobquote.co.uk/t/mjt-joinery-ltd,myjobquote
RP Joinery,,Carpenter,,,4,1,,ID Checked,,,2019,https://www.myjobquote.co.uk/t/rp-joinery-4,myjobquote
Ccnsons ltd,,Carpenter,,,5,1,,ID Checked,,,Jan 2023,https://www.myjobquote.co.uk/t/ccnsons-ltd-1,myjobquote
AppinAtelier,,Carpenter,,,5,5,,ID Checked,,,2025,https://www.myjobquote.co.uk/t/appinatelier,myjobquote
Peter Digby Carpentry,,Carpenter,,,5,2,,ID Checked,,,2022,https://www.myjobquote.co.uk/t/peter-digby-carpentry,myjobquote
T. Campbell carpentry and joinery,,Carpenter,,,5,1,,ID Checked,,,Mar 2023,https://www.myjobquote.co.uk/t/t-campbell-carpentry-and-joinery,myjobquote
ADM SERVICES,,Carpenter,,,5,3,,ID Checked,,,2000,https://www.myjobquote.co.uk/t/adm-services,myjobquote
Wrexham Building & Joinery Ltd,,Carpenter,,,4.68,0,,ID Checked,,,May 2019,https://www.myjobquote.co.uk/t/wrexham-building-joinery-ltd-1,myjobquote
K J bulding,,Carpenter,,,4.68,0,,ID Checked,,,Aug 2022,https://www.myjobquote.co.uk/t/k-j-bulding,myjobquote
K J bulding,,Carpenter,,,4.68,0,,ID Checked,,,May 2022,https://www.myjobquote.co.uk/t/honeycomb-construction,myjobquote
Robert James Bespoke Kitchens & Bedrooms,,Carpenter,,,4.68,0,,ID Checked,,,1997,https://www.myjobquote.co.uk/t/robert-james-bespoke-kitchens-bedrooms,myjobquote
O M Joinery,,Carpenter,,,4.68,0,,ID Checked,,,2022,https://www.myjobquote.co.uk/t/o-m-joinery,myjobquote
O M Joinery,,Carpenter,,,4.68,0,,ID Checked,,,Nov 2023,https://www.myjobquote.co.uk/t/hbs-joinery,myjobquote
HBS Joinery,,Carpenter,,,4.68,0,,,,,Nov 2024,https://www.myjobquote.co.uk/t/rmj-joinery,myjobquote
rmj joinery,,Carpenter,,,4.68,0,,,,,Jan 2025,https://www.myjobquote.co.uk/t/danny-99,myjobquote
Danny,,Carpenter,,,4.68,0,,,,,Jul 2025,https://www.myjobquote.co.uk/t/gareth-burke-joinery,myjobquote
Gareth burke joinery,,Carpenter,,,4.68,0,,ID Checked,,,2024,https://www.myjobquote.co.uk/t/liam-smith-2,myjobquote
TJL Joinery,,Carpenter,,,4.68,0,,ID Checked,,,Oct 2022,https://www.myjobquote.co.uk/t/tjl-joinery,myjobquote
TJL Joinery,,Carpenter,,,5,1,,ID Checked,,,Oct 2022,https://www.myjobquote.co.uk/t/lennon-brudenell-carpentry-and-construction,myjobquote
NDH Joinery,,Carpenter,,,5,9,,ID Checked,,,2002,https://www.myjobquote.co.uk/t/ndh-joinery,myjobquote
the joiner,,Carpenter,,,5,3,,ID Checked,,,Apr 2019,https://www.myjobquote.co.uk/t/the-joiner,myjobquote
SJW Services,,Carpenter,,,4.68,0,,ID Checked,,,Nov 2017,https://www.myjobquote.co.uk/t/sjw-services-3,myjobquote
SJW Services,,Carpenter,,,4.68,0,,,,,Oct 2025,https://www.myjobquote.co.uk/t/dafydd-taylor,myjobquote
TmTcarpentry,,Carpenter,,,4.68,0,,,,,Apr 2023,https://www.myjobquote.co.uk/t/tmtcarpentry,myjobquote
TmTcarpentry,,Carpenter,,,4.68,0,,,,,Jun 2024,https://www.myjobquote.co.uk/t/cpr-jojnery,myjobquote
CPR jojnery,,Carpenter,,,4.68,0,,,,,Jun 2023,https://www.myjobquote.co.uk/t/gavin-owens-joinery,myjobquote
Gavin Owens joinery,,Carpenter,,,4.68,0,,,,,Jan 2023,https://www.myjobquote.co.uk/t/norman-roberts,myjobquote
M EVANS JOINERY,,Carpenter,,,4.68,0,,,,,Jan 2026,https://www.myjobquote.co.uk/t/m-evans-joinery,myjobquote
Mark Chadwick Carpentry & Joinery,,Carpenter,,,5,2,,ID Checked,,,May 2023,https://www.myjobquote.co.uk/t/mark-chadwick-carpentry-joinery,myjobquote
TSS Building Services,,Carpenter,,,5,1,,ID Checked,,,1990,https://www.myjobquote.co.uk/t/tss-building-services,myjobquote
IQue building and joinery,,Carpenter,,,5,1,,Public Liability Insurance,,,2019,https://www.myjobquote.co.uk/t/ique-building-and-joinery,myjobquote
Pablos Carpentry UK,,Carpenter,,,5,1,,Public Liability Insurance,,,Jan 2026,https://www.myjobquote.co.uk/t/pablos-carpentry-uk,myjobquote
RJ Builders,,Carpenter,,,5,2,,ID Checked,,,Jan 2026,https://www.myjobquote.co.uk/t/rj-builders-7,myjobquote
Jj joinery contracts,,Carpenter,,,5,1,,ID Checked,,,Nov 2025,https://www.myjobquote.co.uk/t/jj-joinery-contracts,myjobquote
M.Neale Carpentry,,Carpenter,,,5,12,,ID Checked,,,Dec 2025,https://www.myjobquote.co.uk/t/mneale-carpentry,myjobquote
Landmarc Timber,,Carpenter,,,5,2,,ID Checked,,,2020,https://www.myjobquote.co.uk/t/landmarc-timber,myjobquote
Design Build & Fit Ltd,,Carpenter,,,5,4,,ID Checked,,,1986,https://www.myjobquote.co.uk/t/design-build-fit-ltd,myjobquote
Custom Wood Creations,,Carpenter,,,5,3,,ID Checked; Public Liability Insurance,,,2024,https://www.myjobquote.co.uk/t/custom-wood-creations,myjobquote
Home Fix Joinery & Construction,,Carpenter,,,5,11,,ID Checked,,,2012,https://www.myjobquote.co.uk/t/home-fix-joinery-construction,myjobquote
Tom walsh,,Carpenter,,,5,2,,ID Checked,,,2018,https://www.myjobquote.co.uk/t/tom-walsh,myjobquote
Precise Carpentry & Maintenance,,Carpenter,,,5,1,,ID Checked,,,2016,https://www.myjobquote.co.uk/t/precise-carpentry-maintenance,myjobquote
CJL Renovations,,Carpenter,,,4.8,20,,ID Checked,,,2015,https://www.myjobquote.co.uk/t/cjl-renovations,myjobquote
Carl Hilditch,,Carpenter,,,4.9,36,,ID Checked,,,1988,https://www.myjobquote.co.uk/t/carl-hilditch,myjobquote
AJ Contemporary,,Carpenter,,,5,1,,ID Checked,,,Apr 2020,https://www.myjobquote.co.uk/t/aj-contemporary,myjobquote
Peak Perfection,,Carpenter,,,5,5,,ID Checked,,,2020,https://www.myjobquote.co.uk/t/peak-perfection,myjobquote
Kennedy Construction,,Carpenter,,,5,12,,ID Checked,,,2020,https://www.myjobquote.co.uk/t/kennedy-construction-2,myjobquote
M.c. joinery & services,,Carpenter,,,5,13,,,,,2015,https://www.myjobquote.co.uk/t/mc-joinery-services,myjobquote
Frontline Ltd,,Carpenter,,,5,1,,ID Checked,,,2018,https://www.myjobquote.co.uk/t/frontline-ltd,myjobquote
Solid Space,,Carpenter,,,4.68,0,,ID Checked,,,Jan 2019,https://www.myjobquote.co.uk/t/solid-space,myjobquote
Troy dykes gardening service,,Carpenter,,,4.68,0,,ID Checked,,,2022,https://www.myjobquote.co.uk/t/troy-dykes-gardening-service,myjobquote
Hamilton Renovations,,Carpenter,,,4.68,0,,ID Checked,,,2022,https://www.myjobquote.co.uk/t/hamilton-renovations,myjobquote
Eddys Contracts,,Carpenter,,,4.68,0,,ID Checked,,,Feb 2026,https://www.myjobquote.co.uk/t/eddys-contracts,myjobquote
Eddys Contracts,,Carpenter,,,4.68,0,,,,,Jun 2025,https://www.myjobquote.co.uk/t/dw-refurbs,myjobquote
DW Refurbs,,Carpenter,,,4.68,0,,,,,Sep 2025,https://www.myjobquote.co.uk/t/dan-price-1,myjobquote
Dan Price,,Carpenter,,,4.68,0,,ID Checked,,,Oct 2025,https://www.myjobquote.co.uk/t/bobbys-joinery-services,myjobquote
LSJ joinery,,Carpenter,,,4.68,0,,ID Checked,,,Jan 2025,https://www.myjobquote.co.uk/t/lsj-joinery,myjobquote
KS carpentry and joinery,,Carpenter,,,4.68,0,,ID Checked,,,2015,https://www.myjobquote.co.uk/t/ks-carpentry-and-joinery,myjobquote