company_name,owner_name,trade_type,location,website_url,overall_rating,review_count,phone,profile_url,platforms,platform_count,high_value
Sidcup Double Glazing,,Conservatory Installer,"Kent, and all of South East London",http://www.sidcupdoubleglazing.co.uk/,4.91,773,07360 279249,,trustatrader,1,
Apple & Oak,,Conservatory Installer,"Reigate, Epsom, Esher, Guildford,Worthing, Brighton, Kingston,Eastbourne, Eastgrinstead, Croydon",https://www.appleandoak.co.uk/,4.98,135,07360 279032,https://www.trustatrader.com/traders/apple-oak-conservatory-installers-croydon,trustatrader,1,
Thurrock Windows Ltd,,Conservatory Installer,all Essex and Home Counties areas within 50 miles,http://thurrockwindows.co.uk/,4.87,289,07307 236810,,trustatrader,1,
CI Group,,Conservatory Installer,the UK,https://conservatoryinsulations.com/,4.9,5,07447 193014,,trustatrader,1,
House of Glass Limited,,Conservatory Installer,Kent,https://houseofglassltd.com/,4.97,30,07307 269395,https://www.trustatrader.com/traders/house-of-glass-limited-conservatory-installers-chatham | https://www.trustatrader.com/traders/house-of-glass-limited-double-glazing-chatham | https://www.bark.com/en/gb/company/house-of-glass/O4MPe/,"trustatrader, bark",2,
Trade Windows & Conservatory Services,,Conservatory Installer,Essex,http://www.twsos.com/,4.83,1460,07307 231797,https://www.trustatrader.com/traders/trade-windows-conservatory-services-conservatory-installers-castel-point-rochford,trustatrader,1,
Kentish Warm Roof Ltd,,Conservatory Installer,Maidstone and surrounding areas,https://www.trustagarage.com/,4.9,5,07307 222895,https://www.trustatrader.com/traders/home-enhancing-plastics-conservatory-installers-north-shropshire-oswestry-shrewsbury-and-atcham | https://www.trustatrader.com/traders/home-enhancing-plastics-double-glazing-north-shropshire-oswestry-shrewsbury-and-atcham,trustatrader,1,
TM Shoveller Conservatory Specialists,,Conservatory Installer,Kent,http://tmshoveller.com/,4.95,92,07307 201190,,trustatrader,1,
Warm Conservatory Roofs,,Conservatory Installer,Leighton Buzzard and surrounding areas,https://warmconservatoryroofs.com/,4.97,5,07360 495369,,trustatrader,1,
Pristine Glazing Installations Witham,,Conservatory Installer,Essex,https://www.pristineglazinginstalls.co.uk/,4.98,173,07307 256429,https://www.trustatrader.com/traders/pristine-glazing-installations-witham-conservatory-installers-maldon-north,trustatrader,1,
Total Refurbs Ltd,,Conservatory Installer,East & West Sussex,https://totalrefurbs.net/,5.0,8,07868 259506,https://www.trustatrader.com/traders/total-refurbs-ltd-conservatory-installers-brighton-west | https://www.trustatrader.com/traders/total-refurbs-ltd-conservatory-roofs-brighton-west,trustatrader,1,
Kempston Windows Limited,,Conservatory Installer,Beds,http://www.kempstonwindows.co.uk/,4.89,734,07360 495043,,trustatrader,1,
First Class Home Improvements,,Conservatory Installer,Sussex and Surrey,https://www.doubleglazingsussex.co.uk/,5.0,12,07360 279412,https://www.trustatrader.com/traders/first-class-home-improvements-conservatory-installers-mole-valley-and-horsham-north,trustatrader,1,
TL Home Improvements Ltd,,Conservatory Installer,"Northamptonshire, Oxfordshire, London and surrounding areas",https://www.yell.com/biz/tl-home-improvements-london-10354340/,4.98,52,07307 242603,https://www.trustatrader.com/traders/tl-home-improvements-ltd-conservatory-installers-oxford-east | https://www.trustatrader.com/traders/tl-home-improvements-ltd-conservatory-installers-northampton-central | https://www.bark.com/en/gb/company/n--s-home-improvements-ltd/JQyYK/ | https://www.bark.com/en/gb/company/dwl-home-improvements/Z4ODl/,"trustatrader, bark",2,
Double Glazing Southampton Ltd,,Conservatory Installer,Hampshire,https://www.doubleglazingsouthampton.co.uk/,5.0,8,07380 318796,https://www.trustatrader.com/traders/double-glazing-southampton-ltd-conservatory-installers-southampton-central-2,trustatrader,1,
Eco Conservatory Solutions LTD,,Conservatory Installer,South of England and Wales,http://ecoconservatorysolutions.co.uk/,4.95,27,07307 260898,https://www.trustatrader.com/traders/eco-conservatory-solutions-conservatory-installers-cotswold-2 | https://www.trustatrader.com/traders/eco-conservatory-solutions-conservatory-roofs-cotswold-2,trustatrader,1,
Ecoglaze UK Ltd,,Conservatory Installer,South Wales and the West,https://www.ecoglazeukltd.co.uk/,4.57,40,07307 297838,https://www.trustatrader.com/traders/ecoglaze-uk-ltd-conservatory-installers-bridgend | https://www.trustatrader.com/traders/ecoglaze-uk-ltd-upvc-windows-bridgend | https://www.trustatrader.com/traders/ecoglaze-uk-ltd-double-glazing-bridgend,trustatrader,1,
Haus Installations Ltd,,Conservatory Installer,"Worcester, Hereford, Birmingham, Gloucester, Kidderminster, Droitwich, Bromsgrove",https://www.hausinstallations.com/,4.98,11,07307 204909,,trustatrader,1,
Solihull WDC Ltd,,Conservatory Installer,"Solihull, Birmingham, Coventry & West Midlands",https://solihullwindows.co.uk/,4.97,17,07307 221705,https://www.trustatrader.com/traders/solihull-wdc-ltd-conservatory-installers-chelmsley-wood-and-yardley,trustatrader,1,
Diamond Windows,,Conservatory Installer,50 Mile Radius of Birmingham,https://www.diamondwindows.co/,4.98,30,07307 269149,https://www.trustatrader.com/traders/diamond-windows-conservatory-installers-perry-barr,trustatrader,1,
Castle Windows Midlands Ltd,,Conservatory Installer,all areas of the West Midlands,http://www.castlewindowswalsall.co.uk/,4.91,556,07307 210631,,trustatrader,1,
"Lifestyle Windows & Conservatories, Ilkeston",,Conservatory Installer,Surrounding area within a 50 Miles radius,https://www.lifestylewindows.co.uk/,4.97,173,07360 272944,https://www.trustatrader.com/traders/lifestyle-windows-conservatories-double-glazing-ripley-and-ilkeston | https://www.trustatrader.com/traders/lifestyle-windows-conservatories-door-installers-ripley-and-ilkeston | https://www.trustatrader.com/traders/lifestyle-home-solutions-ltd-t-a-lifestyle-windows-conservatories-conservatory-installers-ripley-and-ilkeston | https://www.trustatrader.com/traders/lifestyle-windows-conservatories-conservatory-roofs-ripley-and-ilkeston | https://www.trustatrader.com/traders/lifestyle-windows-conservatories-double-glazing-services---commercial-ripley-and-ilkeston,trustatrader,1,
Conservatories & Windows Direct,,Conservatory Installer,"Cannock, Wolverhampton, Telford, Stafford, Tamworth & Walsall",https://www.conservatoriesdirectmidlands.co.uk/,4.96,41,07307 211993,,trustatrader,1,
Arena Conservatories Ltd,,Conservatory Installer,"Telford, Shropshire",https://www.arenaconservatories.co.uk/,4.96,48,07307 205915,https://www.trustatrader.com/traders/arena-conservatories-ltd-conservatory-installers-newport-and-wellington | https://www.trustatrader.com/traders/arena-conservatories-ltd-door-installers-newport-and-wellington | https://www.trustatrader.com/traders/arena-conservatories-ltd-conservatory-roofs-newport-and-wellington,trustatrader,1,
Excellence2U Ltd,,Conservatory Installer,your next agreed job with this trader for free by registering for the TrustATrader Guarantee,http://www.excellence2u.co.uk/,4.99,117,07307 253986,https://www.trustatrader.com/traders/excellence2u-ltd-conservatory-installers-stafford-north,trustatrader,1,
Snug Conservatory Solutions,,Conservatory Installer,Stockport and surrounding areas,http://info@snugconservatorysolutions.co.uk/,5.0,6,08005 677 434,https://www.trustatrader.com/traders/snug-conservatory-solutions-conservatory-installers-stockport-central,trustatrader,1,
ADG Affordable Double Glazing,,Conservatory Installer,Manchester and all surrounding areas,http://affordabledoubleglazing.co.uk/,4.99,332,07360 268312,https://www.trustatrader.com/traders/adg-affordable-double-glazing-conservatory-installers-oldham | https://www.trustatrader.com/traders/adg-affordable-double-glazing-bifolding-patio-doors-oldham,trustatrader,1,
Tip Top Windows,,Conservatory Installer,all surrounding areas,https://www.tiptopwindows.uk/,4.89,9,01226 414 998,,trustatrader,1,
Custom Choice Home Improvements Ltd,,Conservatory Installer,"Peterborough, Northampton and Cambridgeshire and all surrounding areas",https://customchoice.co.uk/,4.93,102,07360 276097,,trustatrader,1,
Conservatory Transformations,,Conservatory Installer,"Lancashire, Greater Manchester, Yorkshire & North Wales",https://conservatorytransformation.co.uk/,4.99,13,07782 224804,https://www.trustatrader.com/traders/conservatory-transformations-conservatory-installers-burnley-north,trustatrader,1,
First Class Home Improvements,,Conservatory Installer,"Preston, Lancaster, South Lake District, Blackburn , Burnley, Bolton, Wigan and Fylde Coast",https://firstclasshome.co/,4.98,10,07307 209433,https://www.trustatrader.com/traders/first-class-home-improvements-conservatory-installers-preston-north-,trustatrader,1,
Pristine PVC Ltd,,Conservatory Installer,the North West of England,https://pristinepvc.co.uk/,4.97,187,07307 239328,,trustatrader,1,
Swish Home Improvements Ltd,,Conservatory Installer,"North-East, TS, DH, SR, DL, NE, HG, YO postcodes",https://www.swishhome-improvements.co.uk/,5.0,16,01642 232 333,,trustatrader,1,
Hipco Yorkshire Windows & Doors,,Conservatory Installer,"Leeds, Wakefield and Harrogate",https://hipco.co.uk/conservatories/,4.97,68,07307 265119,https://www.trustatrader.com/traders/hipco-yorkshire-windows-doors-conservatory-installers-rothwell-garforth-and-sherburn-in-elmet | https://www.trustatrader.com/traders/hipco-yorkshire-windows-doors-door-installers-rothwell-garforth-and-sherburn-in-elmet,trustatrader,1,
Calibur Glass and Glazing Ltd,,Conservatory Installer,all of Central Scotland,https://caliburglass.co.uk/,5.0,27,07307 207257,https://www.trustatrader.com/traders/calibur-glass-and-glazing-ltd-conservatory-installers-glasgow-4 | https://www.trustatrader.com/traders/calibur-glass-and-glazing-ltd-upvc-windows-glasgow-4,trustatrader,1,
All Seasons Eco Services,,Conservatory Installer,,,,,,https://www.bark.com/en/gb/company/all-seasons-eco-services/X8aXq/,bark,1,
Best Price Glazing Services,,Conservatory Installer,,,,,,https://www.bark.com/en/gb/company/best-price-glazing-services/QZMEE/,bark,1,
Urban Home Improvements Ltd,,Conservatory Installer,,,,,,https://www.bark.com/en/gb/company/urban-home-improvements-ltd/nmYn9/,bark,1,
Your Glazing Ltd,,Conservatory Installer,,,,,,https://www.bark.com/en/gb/company/your-glazing-ltd/eVXqQ/,bark,1,
Steina Group Ltd,,Conservatory Installer,,,,,,https://www.bark.com/en/gb/company/steina-group-ltd/nM3Vl/,bark,1,
Easy Glazing ltd,,Conservatory Installer,,,,,,https://www.bark.com/en/gb/company/easy-glazing-ltd/dbjXM/,bark,1,
Capital Window Doctor,,Conservatory Installer,,,,,,https://www.bark.com/en/gb/company/capital-window-doctor/ey0aQ/,bark,1,
CSN Construction 4u ltd,,Conservatory Installer,,,,,,https://www.bark.com/en/gb/company/csn-construction-4u-ltd/D2Nbg/,bark,1,
RHI Windows and Doors,,Conservatory Installer,,,,,,https://www.bark.com/en/gb/company/rhi-windows-and-doors/dkKnz/,bark,1,
South London Renovations Grp,,Conservatory Installer,,,,,,https://www.bark.com/en/gb/company/south-london-renovations-grp/lvpbD/,bark,1,
T & T windows & doors,,Conservatory Installer,,,,,,https://www.bark.com/en/gb/company/t--t-windows--doors/40ZEX/,bark,1,
1st Scenic Ltd,,Conservatory Installer,,,5,,,https://www.bark.com/en/gb/company/1st-scenic-ltd/D8Kya/,bark,1,
Prime double glazing,,Conservatory Installer,,,,,,https://www.bark.com/en/gb/company/prime-double-glazing/Zp2OD/,bark,1,
Smith Glass LTD,,Conservatory Installer,,,,,,https://www.bark.com/en/gb/company/smith-glass-ltd/qzm8/,bark,1,
VAS General Builder,,Conservatory Installer,,,,,,https://www.bark.com/en/gb/company/vas-general-builder/lpVX1/,bark,1,
East London Repairs Ltd,,Conservatory Installer,,,,,,https://www.bark.com/en/gb/company/east-london-repairs-ltd/nmVyl/,bark,1,
EVM GLASS DESIGN ltd,,Conservatory Installer,,,,,,https://www.bark.com/en/gb/company/evm-glass-design-ltd/1DX3y/,bark,1,
King glazing,,Conservatory Installer,,,,,,https://www.bark.com/en/gb/company/king-glazing/QEDZ8/,bark,1,
Super Dry Roofing & Building services,,Conservatory Installer,,,5,,,https://www.bark.com/en/gb/company/super-dry-roofing-amp-building-services/qvMmp/,bark,1,
Anglian Home Improvements,,Conservatory Installer,,,,,,https://www.bark.com/en/gb/company/anglian-home-improvements/kg3Gk/,bark,1,
As Window Systems,,Conservatory Installer,,,,,,https://www.bark.com/en/gb/company/as-window-systems/DZZpa/,bark,1,
Falcon Glazing Solutions,,Conservatory Installer,,,,,,https://www.bark.com/en/gb/company/falcon-glazing-solutions/Z7d1K/,bark,1,
BEST PRICE GLAZING LIMITED,,Conservatory Installer,,,,,,https://www.bark.com/en/gb/company/best-price-glazing-limited/qomVB/,bark,1,
Empire glazing,,Conservatory Installer,,,5,,,https://www.bark.com/en/gb/company/empire-glazing/nqEPa/,bark,1,
Smarter Building Ltd,,Conservatory Installer,,,,,,https://www.bark.com/en/gb/company/smarter-building-ltd/dpqA/,bark,1,
Sunrise Glazing,,Conservatory Installer,,,,,,https://www.bark.com/en/gb/company/sunrise-glazing/3LQ2l/,bark,1,
Aplus window company LTD.,,Conservatory Installer,,,,,,https://www.bark.com/en/gb/company/aplus-window-company-ltd/aYMno/,bark,1,
ZASK DOUBLE GLAZING LTD,,Conservatory Installer,,,5,,,https://www.bark.com/en/gb/company/zask-double-glazing-ltd/dzzZY/,bark,1,
Paragon Glass Services Limited,,Conservatory Installer,,,5,,,https://www.bark.com/en/gb/company/paragon-glass-services-limited/Ky3eY/,bark,1,
Maygrove Interiors and Design Ltd,,Conservatory Installer,,,,,,https://www.bark.com/en/gb/company/maygrove-interiors-and-design-ltd/pGGN8/,bark,1,
Glazing Supplies Ltd,,Conservatory Installer,,,,,,https://www.bark.com/en/gb/company/glazing-supplies-ltd/0PmlR/,bark,1,
Double Glazing 4U Ltd,,Conservatory Installer,,,,,,https://www.bark.com/en/gb/company/double-glazing-4u-ltd/7v8JE/,bark,1,
Rd property developers ltd,,Conservatory Installer,,,,,,https://www.bark.com/en/gb/company/rd-property-developers-ltd/MmVdX/,bark,1,
Lifetime Glazing,,Conservatory Installer,,,,,,https://www.bark.com/en/gb/company/lifetime-glazing/yJDoV/,bark,1,
Rainham Windows Limited,,Conservatory Installer,,,,,,https://www.bark.com/en/gb/company/rainham-windows-limited/72V8b/,bark,1,
West windows and plastic centre limited,,Conservatory Installer,,,,,,https://www.bark.com/en/gb/company/west-windows-and-plastic-centre-limited/wwqb4/,bark,1,
YS Building Services,,Conservatory Installer,,,5,,,https://www.bark.com/en/gb/company/ys-building-services/XlpKV/,bark,1,
CJ'S GROUP INTERNATIONAL LTD,,Conservatory Installer,,,,,,https://www.bark.com/en/gb/company/cjs-group-international-ltd/q2zyD/,bark,1,
Clearvue Home Improvements Ltd,,Conservatory Installer,,,,,,https://www.bark.com/en/gb/company/clearvue-home-improvements-ltd/Dn031/,bark,1,
London Window Systems,,Conservatory Installer,,,,,,https://www.bark.com/en/gb/company/london-window-systems/QnKPO/,bark,1,
Creative Windows & Doors Ltd,,Conservatory Installer,,,,,,https://www.bark.com/en/gb/company/creative-windows--doors-ltd/JnL3e/,bark,1,
Anglian Windows Ltd,,Conservatory Installer,,,,,,https://www.bark.com/en/gb/company/anglian-windows-ltd/jXQmZ/,bark,1,
Diamond Locksmiths & Windows,,Conservatory Installer,,,,,,https://www.bark.com/en/gb/company/diamond-locksmiths--windows/ag90O/,bark,1,
Supreme windows London,,Conservatory Installer,,,,,,https://www.bark.com/en/gb/company/supreme-windows-london/aZmVg/,bark,1,
InspiredGlazing,,Conservatory Installer,,,5,,,https://www.bark.com/en/gb/company/inspiredglazing/A86oe/,bark,1,
MVH Building Solutions Ltd,,Conservatory Installer,,,5,,,https://www.bark.com/en/gb/company/mvh-building-solutions-ltd/B3O9w/,bark,1,
TTWC Limited,,Conservatory Installer,,,,,,https://www.bark.com/en/gb/company/ttwc-limited/VVO4M/,bark,1,
ACE UK,,Conservatory Installer,,,,,,https://www.bark.com/en/gb/company/ace-uk/wG1Mn/,bark,1,
Vertex Glazing Limited,,Conservatory Installer,,,5,,,https://www.bark.com/en/gb/company/vertex-glazing-limited/8gnGZ/,bark,1,
4N4Glazing,,Conservatory Installer,,,,,,https://www.bark.com/en/gb/company/4n4glazing/VeVez/,bark,1,
KSLD Berkshire,,Conservatory Installer,,,5,,,https://www.bark.com/en/gb/company/ksld-berkshire/dwG9z/,bark,1,
Heathrow Windows Ltd,,Conservatory Installer,,,,,,https://www.bark.com/en/gb/company/heathrow-windows-ltd/VBK3z/,bark,1,
Civic Constructions & Developments LTD,,Conservatory Installer,,,,,,https://www.bark.com/en/gb/company/civic-constructions-amp-developments-ltd/QpNnv/,bark,1,
WindowWorx,,Conservatory Installer,,,,,,https://www.bark.com/en/gb/company/windowworx/XwLRX/,bark,1,
JSS WINDOWS LTD,,Conservatory Installer,,,,,,https://www.bark.com/en/gb/company/jss-windows-ltd/kaDJm/,bark,1,
Home improvement supermarket ltd,,Conservatory Installer,,,,,,https://www.bark.com/en/gb/company/home-improvement-supermarket-ltd/NAwMw/,bark,1,
H s glazing,,Conservatory Installer,,,,,,https://www.bark.com/en/gb/company/h-s-glazing/42MAJ/,bark,1,
CS-Garden Offices,,Conservatory Installer,,,,,,https://www.bark.com/en/gb/company/cs-garden-offices/wOj6P/,bark,1,
Solent Windows,,Conservatory Installer,,,5,,,https://www.bark.com/en/gb/company/solent-windows/wO7BP/,bark,1,
The Facade Co.,,Conservatory Installer,,,,,,https://www.bark.com/en/gb/company/the-facade-co/ZKOQA/,bark,1,
Southern Services uk,,Conservatory Installer,,,,,,https://www.bark.com/en/gb/company/southern-services-uk/VjZ9w/,bark,1,
Nationwide Porches,,Conservatory Installer,,,,,,https://www.bark.com/en/gb/company/nationwide-porches/JBvP3/,bark,1,
Coservatory Solutions,,Conservatory Installer,,,,,,https://www.bark.com/en/gb/company/coservatory-solutions/00VvZ/,bark,1,
Apex Glazing,,Conservatory Installer,,,,,,https://www.bark.com/en/gb/company/apex-glazing/1DmZX/,bark,1,
Nationwide Extensions,,Conservatory Installer,,,,,,https://www.bark.com/en/gb/company/nationwide-extensions/oAKO4/,bark,1,
Eco window solutions southern ltd,,Conservatory Installer,,,,,,https://www.bark.com/en/gb/company/eco-window-solutions-southern-ltd/nPeG3/,bark,1,
Window Workshop Hampshire Ltd,,Conservatory Installer,,,,,,https://www.bark.com/en/gb/company/window-workshop-hampshire-ltd/b33v3/,bark,1,
Ks glass solutions,,Conservatory Installer,,,,,,https://www.bark.com/en/gb/company/ks-glass-solutions/LDbd3/,bark,1,
Attractive Designs Limited,,Conservatory Installer,,,,,,https://www.bark.com/en/gb/company/attractive-designs-limited/d4DBX/,bark,1,
Glass & Windows,,Conservatory Installer,,,,,,https://www.bark.com/en/gb/company/glass--windows/LYVLn/,bark,1,
MJ Double Glazing,,Conservatory Installer,,,,,,https://www.bark.com/en/gb/company/mj-double-glazing/2LVod/,bark,1,
LG Carpentry & Conservatory Specialists Ltd,,Conservatory Installer,,,,,,https://www.bark.com/en/gb/company/lg-carpentry-amp-conservatory-specialists-ltd/38bGl/,bark,1,
DG Solutions,,Conservatory Installer,,,,,,https://www.bark.com/en/gb/company/dg-solutions/pgw8n/,bark,1,
GGM Windows,,Conservatory Installer,,,5,,,https://www.bark.com/en/gb/company/ggm-windows/2nL74/,bark,1,
Sentry Door Systems,,Conservatory Installer,,,,,,https://www.bark.com/en/gb/company/sentry-door-systems/KY0vv/,bark,1,
A1 Glazing Solutions,,Conservatory Installer,,,,,,https://www.bark.com/en/gb/company/a1-glazing-solutions/jBQO1/,bark,1,
MyWorldEco Ltd,,Conservatory Installer,,,,,,https://www.bark.com/en/gb/company/myworldeco-ltd/qvzQB/,bark,1,
Bennbrook Windows,,Conservatory Installer,,,,,,https://www.bark.com/en/gb/company/bennbrook-windows/LBOM9/,bark,1,
NewRoof Essex ltd,,Conservatory Installer,,,5,,,https://www.bark.com/en/gb/company/newroof-essex-ltd/dynak/,bark,1,
Anigmar Solutions LTD,,Conservatory Installer,,,5,,,https://www.bark.com/en/gb/company/anigmar-solutions-ltd/4kBdX/,bark,1,
JPF Construction Services,,Conservatory Installer,,,5,,,https://www.bark.com/en/gb/company/jpf-construction-services/27J9E/,bark,1,
Fitter Windows,,Conservatory Installer,,,,,,https://www.bark.com/en/gb/company/fitter-windows/B2JQw/,bark,1,
Titan Glazing LTD,,Conservatory Installer,,,,,,https://www.bark.com/en/gb/company/titan-glazing-ltd/VVeJk/,bark,1,
BOND WINDOWS,,Conservatory Installer,,,,,,https://www.bark.com/en/gb/company/bond-windows/1Q48l/,bark,1,
Custom Conservatories UK Ltd,,Conservatory Installer,,,,,,https://www.bark.com/en/gb/company/custom-conservatories-uk-ltd/R6dvO/,bark,1,
Hi build,,Conservatory Installer,,,5,,,https://www.bark.com/en/gb/company/hi-build/E0A0a/,bark,1,
The Bristol fascia company,,Conservatory Installer,,,,,,https://www.bark.com/en/gb/company/the-bristol-fascia-company/d36dA/,bark,1,
Cosy Conservatory Roofs,,Conservatory Installer,,,,,,https://www.bark.com/en/gb/company/cosy-conservatory-roofs/pJa36/,bark,1,
Upvc window and door repairs,,Conservatory Installer,,,,,,https://www.bark.com/en/gb/company/upvc-window-and-door-repairs/zpZ13/,bark,1,
Pane Relief,,Conservatory Installer,,,,,,https://www.bark.com/en/gb/company/pane-relief/0Pb8n/,bark,1,
MG Glazing,,Conservatory Installer,,,,,,https://www.bark.com/en/gb/company/mg-glazing/1yLLZ/,bark,1,
Southern Aluminium Fabrications Ltd,,Conservatory Installer,,,,,,https://www.bark.com/en/gb/company/southern-aluminium-fabrications-ltd/XBVMO/,bark,1,
Conservatory Design Centre,,Conservatory Installer,,,,,,https://www.bark.com/en/gb/company/conservatory-design-centre/Rk64E/,bark,1,
Summit windows & doors ltd,,Conservatory Installer,,,,,,https://www.bark.com/en/gb/company/summit-windows--doors-ltd/kRqPO/,bark,1,
Fortuna Home Solutions Limited,,Conservatory Installer,,,,,,https://www.bark.com/en/gb/company/fortuna-home-solutions-limited/lkG1B/,bark,1,
Robby Branson Builders Ltd,,Conservatory Installer,,,,,,https://www.bark.com/en/gb/company/robby-branson-builders-ltd/MMnB0/,bark,1,
Towerview,,Conservatory Installer,,,,,,https://www.bark.com/en/gb/company/towerview/mj93y/,bark,1,
Shoreline Construction,,Conservatory Installer,,,,,,https://www.bark.com/en/gb/company/shoreline-construction/Ao4Lw/,bark,1,
Boyland Windows Limited,,Conservatory Installer,,,,,,https://www.bark.com/en/gb/company/boyland-windows-limited/DXwEm/,bark,1,
Storm Double Glazing,,Conservatory Installer,,,,,,https://www.bark.com/en/gb/company/storm-double-glazing/eDARA/,bark,1,
Precision Home Improvements Ltd,,Conservatory Installer,,,5,,,https://www.bark.com/en/gb/company/precision-home-improvements-ltd/Jgl7v/,bark,1,
Christchurch home improvements,,Conservatory Installer,,,,,,https://www.bark.com/en/gb/company/christchurch-home-improvements/yl2ql/,bark,1,
Cosy Connies,,Conservatory Installer,,,,,,https://www.bark.com/en/gb/company/cosy-connies/2yRMA/,bark,1,
