company_name,owner_name,trade_type,location,website_url,overall_rating,review_count,phone,profile_url,platforms,platform_count,high_value
Carpets Paradise,,Cleaner,,,4.9,14,,https://www.myjobquote.co.uk/t/carpets-paradise | https://www.myjobquote.co.uk/t/carpets-paradise,myjobquote,1,
Dorcas Super Cleaners Ltd,,Cleaner,,,5,8,,https://www.myjobquote.co.uk/t/dorcas-super-cleaners-ltd | https://www.myjobquote.co.uk/t/dorcas-super-cleaners-ltd,myjobquote,1,
Restore-Replace-Flooring,,Cleaner,,,5,3,,https://www.myjobquote.co.uk/t/restore-replace-flooring | https://www.myjobquote.co.uk/t/restore-replace-flooring,myjobquote,1,
Scrub Troopers Cleaning Services,,Cleaner,,,5,1,07418371939,https://www.myjobquote.co.uk/t/scrub-troopers-cleaning-services | https://www.myjobquote.co.uk/t/scrub-troopers-cleaning-services,myjobquote,1,
PDAFM Handyman And Cleaning Services,,Cleaner,,,5,1,,https://www.myjobquote.co.uk/t/pdafm-handyman-and-cleaning-services | https://www.myjobquote.co.uk/t/pdafm-handyman-and-cleaning-services,myjobquote,1,
Shine Cleaning Company,,Cleaner,,,5,1,,https://www.myjobquote.co.uk/t/shine-cleaning-company | https://www.myjobquote.co.uk/t/shine-cleaning-company,myjobquote,1,
Divine Touch Sparkles LTD,,Cleaner,,,5,1,,https://www.myjobquote.co.uk/t/divine-touch-sparkles-ltd | https://www.myjobquote.co.uk/t/divine-touch-sparkles-ltd,myjobquote,1,
WGP Services,,Cleaner,,,5,6,,https://www.myjobquote.co.uk/t/wgp-services | https://www.myjobquote.co.uk/t/wgp-services,myjobquote,1,
Sparkling White Cleaning,,Cleaner,,,5,4,,https://www.myjobquote.co.uk/t/sparkling-white-cleaning-1 | https://www.myjobquote.co.uk/t/sparkling-white-cleaning-1,myjobquote,1,
Veluna Cleaning,,Cleaner,,,5,3,,https://www.myjobquote.co.uk/t/veluna-cleaning | https://www.myjobquote.co.uk/t/veluna-cleaning,myjobquote,1,
Fimiclean services (FIMI logistics Ltd),,Cleaner,,,5,2,,https://www.myjobquote.co.uk/t/fimiclean-services-fimi-logistics-ltd | https://www.myjobquote.co.uk/t/fimiclean-services-fimi-logistics-ltd,myjobquote,1,
Indourables Cleaning Services,,Cleaner,,,5,1,,https://www.myjobquote.co.uk/t/indourables-cleaning-services | https://www.myjobquote.co.uk/t/indourables-cleaning-services,myjobquote,1,
Supreme Cleaning Services London,,Cleaner,,,5,1,,https://www.myjobquote.co.uk/t/supreme-cleaning-services-london | https://www.myjobquote.co.uk/t/supreme-cleaning-services-london,myjobquote,1,
Sparkle home,,Cleaner,,,5,1,,https://www.myjobquote.co.uk/t/sparkle-home | https://www.myjobquote.co.uk/t/sparkle-home,myjobquote,1,
Verde Cleaning Solutions Ltd,,Cleaner,,,5,1,,https://www.myjobquote.co.uk/t/verde-cleaning-solutions-ltd | https://www.myjobquote.co.uk/t/verde-cleaning-solutions-ltd,myjobquote,1,
Time to clean ltd,,Cleaner,,,5,3,,https://www.myjobquote.co.uk/t/time-to-clean-ltd | https://www.myjobquote.co.uk/t/time-to-clean-ltd,myjobquote,1,
Elite Carpet & Upholstery,,Cleaner,,,5,2,,https://www.myjobquote.co.uk/t/elite-carpet-upholstery | https://www.myjobquote.co.uk/t/elite-carpet-upholstery,myjobquote,1,
SparkleGlow Cleaning,,Cleaner,,,5,11,,https://www.myjobquote.co.uk/t/sparkleglow-cleaning-1 | https://www.myjobquote.co.uk/t/sparkleglow-cleaning-1,myjobquote,1,
Ritagreen Services Ltd,,Cleaner,,,4,3,,https://www.myjobquote.co.uk/t/ritagreen-services-ltd | https://www.myjobquote.co.uk/t/ritagreen-services-ltd,myjobquote,1,
SK CONSULTING AND SERVICES LIMITED,,Cleaner,,,5,2,,https://www.myjobquote.co.uk/t/sk-consulting-and-services-limited | https://www.myjobquote.co.uk/t/sk-consulting-and-services-limited,myjobquote,1,
Mihai Augustin Militaru,,Cleaner,,,1,1,,https://www.myjobquote.co.uk/t/mihai-augustin-militaru,myjobquote,1,
3D Janitorial Services LTD,,Cleaner,,,1,1,,https://www.myjobquote.co.uk/t/3d-janitorial-services-ltd | https://www.myjobquote.co.uk/t/3d-janitorial-services-ltd,myjobquote,1,
Vamoose Cleaning Services,,Cleaner,,,3,1,,https://www.myjobquote.co.uk/t/vamoose-cleaning-services | https://www.myjobquote.co.uk/t/vamoose-cleaning-services,myjobquote,1,
1Brand Services,,Cleaner,,,3,1,,https://www.myjobquote.co.uk/t/1brand-services | https://www.myjobquote.co.uk/t/1brand-services,myjobquote,1,
Pink lady cleaning company,,Cleaner,,,1,1,,https://www.myjobquote.co.uk/t/pink-lady-cleaning-company | https://www.myjobquote.co.uk/t/pink-lady-cleaning-company,myjobquote,1,
Man Power Contractors UK LIMITED,,Cleaner,,,1,1,,https://www.myjobquote.co.uk/t/man-power-contractors-uk-limited | https://www.myjobquote.co.uk/t/man-power-contractors-uk-limited,myjobquote,1,
Kings cleaning services,,Cleaner,,,3,1,,https://www.myjobquote.co.uk/t/kings-cleaning-services | https://www.myjobquote.co.uk/t/kings-cleaning-services,myjobquote,1,
CB Spotless Cleaning Services,,Cleaner,,,1,1,07451260067,https://www.myjobquote.co.uk/t/cb-spotless-cleaning-services | https://www.myjobquote.co.uk/t/cb-spotless-cleaning-services,myjobquote,1,
Teefa Cleaning and care services Ltd,,Cleaner,,,3,1,,https://www.myjobquote.co.uk/t/teefa-cleaning-and-care-services-ltd | https://www.myjobquote.co.uk/t/teefa-cleaning-and-care-services-ltd,myjobquote,1,
Kareemat,,Cleaner,,,4.68,0,,https://www.myjobquote.co.uk/t/kareemat,myjobquote,1,
Excellent 247 Professional Cleaners,,Cleaner,,,4.68,0,,https://www.myjobquote.co.uk/t/excellent-247-professional-cleaners,myjobquote,1,
Deans Squeaky Clean,,Cleaner,,,4.68,0,,https://www.myjobquote.co.uk/t/deans-squeaky-clean,myjobquote,1,
Edmund,,Cleaner,,,4.68,0,,https://www.myjobquote.co.uk/t/edmund-2,myjobquote,1,
Edmund,,Cleaner,,,4.68,0,,https://www.myjobquote.co.uk/t/tiago-15,myjobquote,1,
Tiago,,Cleaner,,,4.68,0,,https://www.myjobquote.co.uk/t/sparkle-kleen,myjobquote,1,
Go2Clean,,Cleaner,,,4.68,0,,https://www.myjobquote.co.uk/t/go2clean,myjobquote,1,
Nataly 77,,Cleaner,,,4.68,0,,https://www.myjobquote.co.uk/t/nataly-77,myjobquote,1,
Nataly 77,,Cleaner,,,4.68,0,,https://www.myjobquote.co.uk/t/kayfarmer,myjobquote,1,
DiamondShine,,Cleaner,,,4.68,0,,https://www.myjobquote.co.uk/t/diamondshine,myjobquote,1,
Gail Berry,,Cleaner,,,4.68,0,,https://www.myjobquote.co.uk/t/gail-berry,myjobquote,1,
We Are Clean Ltd,,Cleaner,,,4.68,0,,https://www.myjobquote.co.uk/t/we-are-clean-ltd,myjobquote,1,
Solid Clean Ltd,,Cleaner,,,4.68,0,,https://www.myjobquote.co.uk/t/solid-clean-ltd,myjobquote,1,
Sublime Cleans,,Cleaner,,,4.68,0,,https://www.myjobquote.co.uk/t/sublime-cleans,myjobquote,1,
Normena ltd,,Cleaner,,,4.68,0,,https://www.myjobquote.co.uk/t/normena-ltd,myjobquote,1,
Erika,,Cleaner,,,4.68,0,,https://www.myjobquote.co.uk/t/erika-2,myjobquote,1,
Erika,,Cleaner,,,4.68,0,,https://www.myjobquote.co.uk/t/ali-haider,myjobquote,1,
Ali Haider,,Cleaner,,,4.68,0,,https://www.myjobquote.co.uk/t/himanshu-1,myjobquote,1,
The Celp Ltd,,Cleaner,,,4.68,0,,https://www.myjobquote.co.uk/t/the-celp-ltd,myjobquote,1,
Evolvum LTD,,Cleaner,,,4.68,0,,https://www.myjobquote.co.uk/t/evolvum-ltd,myjobquote,1,
Yellow Window Cleaning,,Cleaner,,,4.68,0,,https://www.myjobquote.co.uk/t/yellow-window-cleaning,myjobquote,1,
Yellow Window Cleaning,,Cleaner,,,4.68,0,,https://www.myjobquote.co.uk/t/eugenia-2,myjobquote,1,
Eugenia,,Cleaner,,,4.68,0,,https://www.myjobquote.co.uk/t/high-hgiene-cleaning-limited,myjobquote,1,
High Hgiene Cleaning Limited,,Cleaner,,,4.68,0,,https://www.myjobquote.co.uk/t/hanam,myjobquote,1,
HanaM,,Cleaner,,,4.68,0,,https://www.myjobquote.co.uk/t/tanasa-ana-ltd,myjobquote,1,
Tanasa Ana Ltd,,Cleaner,,,4.68,0,,https://www.myjobquote.co.uk/t/nooks-crannies,myjobquote,1,
Mulimalei,,Cleaner,,,4.68,0,,https://www.myjobquote.co.uk/t/mulimalei,myjobquote,1,
Mulimalei,,Cleaner,,,4.68,0,,https://www.myjobquote.co.uk/t/viviana-3,myjobquote,1,
Purifex,,Cleaner,,,4.68,0,,https://www.myjobquote.co.uk/t/purifex,myjobquote,1,
cleaner,,Cleaner,,,4.68,0,,https://www.myjobquote.co.uk/t/cleaner-748,myjobquote,1,
cleaner,,Cleaner,,,4.68,0,,https://www.myjobquote.co.uk/t/sf-cleaning-services,myjobquote,1,
Brandon,,Cleaner,,,4.68,0,,https://www.myjobquote.co.uk/t/brandon-129,myjobquote,1,
Krispy kleen ltd,,Cleaner,,,4.68,0,,https://www.myjobquote.co.uk/t/krispy-kleen-ltd | https://www.myjobquote.co.uk/t/krispy-kleen-ltd,myjobquote,1,
Krispy kleen ltd,,Cleaner,,,4.68,0,,https://www.myjobquote.co.uk/t/business-management,myjobquote,1,
Business management,,Cleaner,,,4.68,0,,https://www.myjobquote.co.uk/t/parkwood-10,myjobquote,1,
parkwood 10,,Cleaner,,,4.68,0,,https://www.myjobquote.co.uk/t/carpet-cleaning-3,myjobquote,1,
Cleaning your house,,Cleaner,,,4.68,0,,https://www.myjobquote.co.uk/t/cleaning-your-house,myjobquote,1,
Premium Care Cleaning LTD,,Cleaner,,,4.68,0,,https://www.myjobquote.co.uk/t/premium-care-cleaning-ltd,myjobquote,1,
Premium Care Cleaning LTD,,Cleaner,,,4.68,0,,https://www.myjobquote.co.uk/t/syed-rashid,myjobquote,1,
Syed rashid,,Cleaner,,,4.68,0,,https://www.myjobquote.co.uk/t/miranda-3,myjobquote,1,
NnNone,,Cleaner,,,4.68,0,,https://www.myjobquote.co.uk/t/nnnone,myjobquote,1,
NnNone,,Cleaner,,,4.68,0,,https://www.myjobquote.co.uk/t/clean-squad-ltd,myjobquote,1,
Clean squad ltd,,Cleaner,,,4.68,0,,https://www.myjobquote.co.uk/t/ramazon,myjobquote,1,
Ramazon,,Cleaner,,,4.68,0,,https://www.myjobquote.co.uk/t/specializedcleaningservicesinfo,myjobquote,1,
Dolly Char Cleaning,,Cleaner,,,4.68,0,,https://www.myjobquote.co.uk/t/dolly-char-cleaning,myjobquote,1,
BOKOSYSK,,Cleaner,,,4.68,0,,https://www.myjobquote.co.uk/t/bokosysk,myjobquote,1,
BOKOSYSK,,Cleaner,,,4.68,0,,https://www.myjobquote.co.uk/t/miguel-11,myjobquote,1,
Miguel,,Cleaner,,,4.68,0,,https://www.myjobquote.co.uk/t/ankocleans-ltd,myjobquote,1,
JA Clean Services,,Cleaner,,,4.68,0,,https://www.myjobquote.co.uk/t/ja-clean-services-1,myjobquote,1,
Jahanzeb Raees,,Cleaner,,,4.68,0,,https://www.myjobquote.co.uk/t/jahanzeb-raees,myjobquote,1,
Jahanzeb Raees,,Cleaner,,,4.68,0,,https://www.myjobquote.co.uk/t/georgia-mcdonald,myjobquote,1,
Narjisse,,Cleaner,,,4.68,0,,https://www.myjobquote.co.uk/t/narjisse,myjobquote,1,
Spot & Sparkle Cleaning Services,,Cleaner,,,4.68,0,,https://www.myjobquote.co.uk/t/spot-sparkle-cleaning-services,myjobquote,1,
Alvina,,Cleaner,,,4.68,0,,https://www.myjobquote.co.uk/t/alvina,myjobquote,1,
Alvina,,Cleaner,,,4.68,0,,https://www.myjobquote.co.uk/t/noneeeee-2,myjobquote,1,
Noneeeee,,Cleaner,,,4.68,0,,https://www.myjobquote.co.uk/t/dessy-1,myjobquote,1,
Lola cleaning,,Cleaner,,,4.68,0,,https://www.myjobquote.co.uk/t/lola-cleaning,myjobquote,1,
Lola cleaning,,Cleaner,,,4.68,0,,https://www.myjobquote.co.uk/t/priscilla-10,myjobquote,1,
Priscilla,,Cleaner,,,4.68,0,,https://www.myjobquote.co.uk/t/nikigeorgiana,myjobquote,1,
Nikigeorgiana,,Cleaner,,,4.68,0,,https://www.myjobquote.co.uk/t/akshay-8,myjobquote,1,
EcoBrilliant Cleaning Services,,Cleaner,,,4.68,0,,https://www.myjobquote.co.uk/t/ecobrilliant-cleaning-services,myjobquote,1,
Evelyn cleaning services,,Cleaner,,,4.68,0,,https://www.myjobquote.co.uk/t/evelyn-cleaning-services,myjobquote,1,
XPLOR GROUP,,Cleaner,,,4.68,0,,https://www.myjobquote.co.uk/t/xplor-group,myjobquote,1,
Sasha,,Cleaner,,,4.68,0,,https://www.myjobquote.co.uk/t/sasha-5,myjobquote,1,
Ruth  Toroitich,,Cleaner,,,4.68,0,,https://www.myjobquote.co.uk/t/ruth-toroitich,myjobquote,1,
Ruth  Toroitich,,Cleaner,,,4.68,0,,https://www.myjobquote.co.uk/t/ck-prestige-cleaning-ltd,myjobquote,1,
FAITHFORCE LIMITED,,Cleaner,,,4.68,0,,https://www.myjobquote.co.uk/t/faithforce-limited,myjobquote,1,
Sparkling clean,,Cleaner,,,4.68,0,,https://www.myjobquote.co.uk/t/sparkling-clean-8,myjobquote,1,
KAMD Ltd,,Cleaner,,,4.68,0,,https://www.myjobquote.co.uk/t/kamd-ltd,myjobquote,1,
Inga Karlinska,,Cleaner,,,4.68,0,,https://www.myjobquote.co.uk/t/inga-karlinska,myjobquote,1,
Inga Karlinska,,Cleaner,,,4.68,0,,https://www.myjobquote.co.uk/t/motionmovements-cleaning-enterprise,myjobquote,1,
Cemek Cleaning and Logistices Ltd,,Cleaner,,,5,1,,https://www.myjobquote.co.uk/t/cemek-cleaning-and-logistices-ltd | https://www.myjobquote.co.uk/t/cemek-cleaning-and-logistices-ltd,myjobquote,1,
Evelyn Rose - Female Gardening and Home Care Services,,Cleaner,,,5,2,,https://www.myjobquote.co.uk/t/evelyn-rose-female-gardening-and-home-care-services | https://www.myjobquote.co.uk/t/evelyn-rose-female-gardening-and-home-care-services,myjobquote,1,
Care First Cleaning Services,,Cleaner,,,5,1,,https://www.myjobquote.co.uk/t/care-first-cleaning-services | https://www.myjobquote.co.uk/t/care-first-cleaning-services,myjobquote,1,
DRT Carpet and upholstery all types of cleaning,,Cleaner,,,5,11,,https://www.myjobquote.co.uk/t/drt-carpet-and-upholstery-all-types-of-cleaning | https://www.myjobquote.co.uk/t/drt-carpet-and-upholstery-all-types-of-cleaning,myjobquote,1,
CNH CLEANS,,Cleaner,,,5,1,,https://www.myjobquote.co.uk/t/cnh-cleans | https://www.myjobquote.co.uk/t/cnh-cleans,myjobquote,1,
Sm gardens,,Cleaner,,,4.8,8,,https://www.myjobquote.co.uk/t/sm-gardens | https://www.myjobquote.co.uk/t/sm-gardens,myjobquote,1,
Valentine,,Cleaner,,,4.68,0,,https://www.myjobquote.co.uk/t/valentine-11 | https://www.myjobquote.co.uk/t/valentine-11,myjobquote,1,
My Cleaner  help,,Cleaner,,,4.68,0,,https://www.myjobquote.co.uk/t/my-cleaner-help | https://www.myjobquote.co.uk/t/my-cleaner-help,myjobquote,1,
Uncle Rasta&#039;s Exquisite Cleaning,,Cleaner,,,4.68,0,,https://www.myjobquote.co.uk/t/uncle-rastas-exquisite-cleaning | https://www.myjobquote.co.uk/t/uncle-rastas-exquisite-cleaning,myjobquote,1,
Yayaballo,,Cleaner,,,4.68,0,,https://www.myjobquote.co.uk/t/yayaballo | https://www.myjobquote.co.uk/t/yayaballo,myjobquote,1,
Endersham,,Cleaner,,,4.68,0,,https://www.myjobquote.co.uk/t/endersham | https://www.myjobquote.co.uk/t/endersham,myjobquote,1,
Endersham,,Cleaner,,,4.68,0,,https://www.myjobquote.co.uk/t/flexyrush | https://www.myjobquote.co.uk/t/flexyrush,myjobquote,1,
Samiro,,Cleaner,,,4.68,0,,https://www.myjobquote.co.uk/t/samiro | https://www.myjobquote.co.uk/t/samiro,myjobquote,1,
Samiro,,Cleaner,,,4.68,0,,https://www.myjobquote.co.uk/t/naomi-9 | https://www.myjobquote.co.uk/t/naomi-9,myjobquote,1,
Rossi,,Cleaner,,,4.68,0,,https://www.myjobquote.co.uk/t/rossi-4 | https://www.myjobquote.co.uk/t/rossi-4,myjobquote,1,
Rossi,,Cleaner,,,4.68,0,,https://www.myjobquote.co.uk/t/nch-services | https://www.myjobquote.co.uk/t/nch-services,myjobquote,1,
JCH55,,Cleaner,,,4.68,0,,https://www.myjobquote.co.uk/t/jch55 | https://www.myjobquote.co.uk/t/jch55,myjobquote,1,
Amanda’s Cleaner,,Cleaner,,,4.68,0,,https://www.myjobquote.co.uk/t/amandas-cleaner | https://www.myjobquote.co.uk/t/amandas-cleaner,myjobquote,1,
Amanda’s Cleaner,,Cleaner,,,4.68,0,,https://www.myjobquote.co.uk/t/raphmore | https://www.myjobquote.co.uk/t/raphmore,myjobquote,1,
Child of grace,,Cleaner,,,4.68,0,,https://www.myjobquote.co.uk/t/child-of-grace | https://www.myjobquote.co.uk/t/child-of-grace,myjobquote,1,
Pratheep,,Cleaner,,,4.68,0,,https://www.myjobquote.co.uk/t/pratheep-1 | https://www.myjobquote.co.uk/t/pratheep-1,myjobquote,1,
Pratheep,,Cleaner,,,4.68,0,,https://www.myjobquote.co.uk/t/xps-construction-and-skills-learning-ltd | https://www.myjobquote.co.uk/t/xps-construction-and-skills-learning-ltd,myjobquote,1,
Pauline,,Cleaner,,,4.68,0,,https://www.myjobquote.co.uk/t/pauline-9 | https://www.myjobquote.co.uk/t/pauline-9,myjobquote,1,
FriendlyTraderCo,,Cleaner,,,5,1,,https://www.myjobquote.co.uk/t/friendlytraderco | https://www.myjobquote.co.uk/t/friendlytraderco,myjobquote,1,
Golden cleaning services,,Cleaner,,,5,1,,https://www.myjobquote.co.uk/t/golden-cleaning-services-1 | https://www.myjobquote.co.uk/t/golden-cleaning-services-1,myjobquote,1,
Perkins homes ltd,,Cleaner,,,5,1,,https://www.myjobquote.co.uk/t/perkins-homes-ltd | https://www.myjobquote.co.uk/t/perkins-homes-ltd,myjobquote,1,
Clean&#039;In Time,,Cleaner,,,5,6,,https://www.myjobquote.co.uk/t/cleanin-time | https://www.myjobquote.co.uk/t/cleanin-time,myjobquote,1,
BR Window Cleaning,,Cleaner,,,5,3,,https://www.myjobquote.co.uk/t/br-window-cleaning | https://www.myjobquote.co.uk/t/br-window-cleaning,myjobquote,1,
companyn.s,,Cleaner,,,5,3,,https://www.myjobquote.co.uk/t/companyns | https://www.myjobquote.co.uk/t/companyns,myjobquote,1,
Specialised cleaning services london,,Cleaner,,,5,1,,https://www.myjobquote.co.uk/t/specialised-cleaning-services-london | https://www.myjobquote.co.uk/t/specialised-cleaning-services-london,myjobquote,1,
Markmariocleaning,,Cleaner,,,5,1,,https://www.myjobquote.co.uk/t/markmariocleaning | https://www.myjobquote.co.uk/t/markmariocleaning,myjobquote,1,
JT CLEANING & GARDENING SERVICES,,Cleaner,,,5,1,,https://www.myjobquote.co.uk/t/jt-cleaning-gardening-services | https://www.myjobquote.co.uk/t/jt-cleaning-gardening-services,myjobquote,1,
Beloved & Co. Living,,Cleaner,,,5,7,,https://www.myjobquote.co.uk/t/beloved-co-living | https://www.myjobquote.co.uk/t/beloved-co-living,myjobquote,1,
Sparkling cleaning  solutions,,Cleaner,,,5,1,07418397118,https://www.myjobquote.co.uk/t/sparkling-cleaning-solutions | https://www.myjobquote.co.uk/t/sparkling-cleaning-solutions,myjobquote,1,
Camelia,,Cleaner,,,5,1,,https://www.myjobquote.co.uk/t/camelia-2 | https://www.myjobquote.co.uk/t/camelia-2,myjobquote,1,
ARES FM LTD,,Cleaner,,,5,3,,https://www.myjobquote.co.uk/t/ares-fm-ltd | https://www.myjobquote.co.uk/t/ares-fm-ltd,myjobquote,1,
Tim Window Cleaning,,Cleaner,,,5,2,,https://www.myjobquote.co.uk/t/tim-window-cleaning | https://www.myjobquote.co.uk/t/tim-window-cleaning,myjobquote,1,
Matelyd Group,,Cleaner,,,5,1,,https://www.myjobquote.co.uk/t/matelyd-group | https://www.myjobquote.co.uk/t/matelyd-group,myjobquote,1,
LouiseTondoMaids,,Cleaner,,,5,1,,https://www.myjobquote.co.uk/t/louisetondomaids-1 | https://www.myjobquote.co.uk/t/louisetondomaids-1,myjobquote,1,
Eli’s cleaning service,,Cleaner,,,5,3,,https://www.myjobquote.co.uk/t/elis-cleaning-service | https://www.myjobquote.co.uk/t/elis-cleaning-service,myjobquote,1,
Emma&#039;s Cleaning Services,,Cleaner,,,5,2,,https://www.myjobquote.co.uk/t/emmas-cleaning-services-1 | https://www.myjobquote.co.uk/t/emmas-cleaning-services-1,myjobquote,1,
Edd group services ltd,,Cleaner,,,5,1,,https://www.myjobquote.co.uk/t/edd-group-services-ltd | https://www.myjobquote.co.uk/t/edd-group-services-ltd,myjobquote,1,
KK Cleaning services & Removals,,Cleaner,,,5,1,,https://www.myjobquote.co.uk/t/kk-cleaning-services-removals | https://www.myjobquote.co.uk/t/kk-cleaning-services-removals,myjobquote,1,
Cleaner Than Ever Norbury,,Cleaner,,,5,1,07441448430,https://www.myjobquote.co.uk/t/cleaner-than-ever-norbury | https://www.myjobquote.co.uk/t/cleaner-than-ever-norbury,myjobquote,1,
Junior & Keisha Cleaning And Gardening Services,,Cleaner,,,5,2,,https://www.myjobquote.co.uk/t/junior-keisha-cleaning-and-gardening-services | https://www.myjobquote.co.uk/t/junior-keisha-cleaning-and-gardening-services,myjobquote,1,
Crystal clean,,Cleaner,,,5,1,,https://www.myjobquote.co.uk/t/crystal-clean-4 | https://www.myjobquote.co.uk/t/crystal-clean-4,myjobquote,1,
Luxellis Limited (T/A) Luxellis Cleaning Service,,Cleaner,,,5,1,,https://www.myjobquote.co.uk/t/luxellis-limited-ta-luxellis-cleaning-service | https://www.myjobquote.co.uk/t/luxellis-limited-ta-luxellis-cleaning-service,myjobquote,1,
Estrella,,Cleaner,,,5,2,,https://www.myjobquote.co.uk/t/estrella-1 | https://www.myjobquote.co.uk/t/estrella-1,myjobquote,1,
MG QUALITY CLEANING,,Cleaner,,,5,1,,https://www.myjobquote.co.uk/t/mg-quality-cleaning | https://www.myjobquote.co.uk/t/mg-quality-cleaning,myjobquote,1,
Priscilla,,Cleaner,,,4.68,0,,https://www.myjobquote.co.uk/t/priscilla-4 | https://www.myjobquote.co.uk/t/priscilla-4,myjobquote,1,
Priscilla,,Cleaner,,,4.68,0,,https://www.myjobquote.co.uk/t/dans-domestic-cleans | https://www.myjobquote.co.uk/t/dans-domestic-cleans,myjobquote,1,
JCboys,,Cleaner,,,4.68,0,,https://www.myjobquote.co.uk/t/jcboys | https://www.myjobquote.co.uk/t/jcboys,myjobquote,1,
JCboys,,Cleaner,,,4.68,0,,https://www.myjobquote.co.uk/t/cleanimg | https://www.myjobquote.co.uk/t/cleanimg,myjobquote,1,
Cleanimg,,Cleaner,,,4.68,0,,https://www.myjobquote.co.uk/t/mo-desire-cleaning-service | https://www.myjobquote.co.uk/t/mo-desire-cleaning-service,myjobquote,1,
Rahila,,Cleaner,,,4.68,0,,https://www.myjobquote.co.uk/t/rahila | https://www.myjobquote.co.uk/t/rahila,myjobquote,1,
Rahila,,Cleaner,,,4.68,0,,https://www.myjobquote.co.uk/t/yordanka-nikolova | https://www.myjobquote.co.uk/t/yordanka-nikolova,myjobquote,1,
Yordanka nikolova,,Cleaner,,,4.68,0,,https://www.myjobquote.co.uk/t/ernestina | https://www.myjobquote.co.uk/t/ernestina,myjobquote,1,
Cassilda Costa,,Cleaner,,,4.68,0,,https://www.myjobquote.co.uk/t/cassilda-costa | https://www.myjobquote.co.uk/t/cassilda-costa,myjobquote,1,
Cassilda Costa,,Cleaner,,,4.68,0,,https://www.myjobquote.co.uk/t/rtr-cleans | https://www.myjobquote.co.uk/t/rtr-cleans,myjobquote,1,
Cliner,,Cleaner,,,4.68,0,,https://www.myjobquote.co.uk/t/cliner-1 | https://www.myjobquote.co.uk/t/cliner-1,myjobquote,1,
Wiola,,Cleaner,,,4.68,0,,https://www.myjobquote.co.uk/t/wiola | https://www.myjobquote.co.uk/t/wiola,myjobquote,1,
Wiola,,Cleaner,,,4.68,0,,https://www.myjobquote.co.uk/t/daniela-13 | https://www.myjobquote.co.uk/t/daniela-13,myjobquote,1,
Daniela,,Cleaner,,,4.68,0,,https://www.myjobquote.co.uk/t/ag-maintenance-cleaning | https://www.myjobquote.co.uk/t/ag-maintenance-cleaning,myjobquote,1,
Elisabetta,,Cleaner,,,4.68,0,,https://www.myjobquote.co.uk/t/elisabetta | https://www.myjobquote.co.uk/t/elisabetta,myjobquote,1,
Elisabetta,,Cleaner,,,4.68,0,,https://www.myjobquote.co.uk/t/harriet-1 | https://www.myjobquote.co.uk/t/harriet-1,myjobquote,1,
Harriet,,Cleaner,,,4.68,0,,https://www.myjobquote.co.uk/t/shannon-20 | https://www.myjobquote.co.uk/t/shannon-20,myjobquote,1,
Lacine,,Cleaner,,,4.68,0,,https://www.myjobquote.co.uk/t/lacine | https://www.myjobquote.co.uk/t/lacine,myjobquote,1,
Lacine,,Cleaner,,,4.68,0,,https://www.myjobquote.co.uk/t/ellas-maids | https://www.myjobquote.co.uk/t/ellas-maids,myjobquote,1,
Ella&#039;s Maids,,Cleaner,,,4.68,0,,https://www.myjobquote.co.uk/t/nozima | https://www.myjobquote.co.uk/t/nozima,myjobquote,1,
Nozima,,Cleaner,,,4.68,0,,https://www.myjobquote.co.uk/t/lincoln-2 | https://www.myjobquote.co.uk/t/lincoln-2,myjobquote,1,
Lincoln,,Cleaner,,,4.68,0,,https://www.myjobquote.co.uk/t/luisas-cleaning-service | https://www.myjobquote.co.uk/t/luisas-cleaning-service,myjobquote,1,
Cleaner,,Cleaner,,,4.68,0,,https://www.myjobquote.co.uk/t/vijeta | https://www.myjobquote.co.uk/t/vijeta,myjobquote,1,
Vijeta,,Cleaner,,,4.68,0,,https://www.myjobquote.co.uk/t/stephen-tettey-nortey | https://www.myjobquote.co.uk/t/stephen-tettey-nortey,myjobquote,1,
Ricardo,,Cleaner,,,4.68,0,,https://www.myjobquote.co.uk/t/ricardo-4 | https://www.myjobquote.co.uk/t/ricardo-4,myjobquote,1,
Emmma,,Cleaner,,,4.68,0,,https://www.myjobquote.co.uk/t/emmma | https://www.myjobquote.co.uk/t/emmma,myjobquote,1,
Emmma,,Cleaner,,,4.68,0,,https://www.myjobquote.co.uk/t/klean-n-brite | https://www.myjobquote.co.uk/t/klean-n-brite,myjobquote,1,
Cleaning,,Cleaner,,,4.68,0,,https://www.myjobquote.co.uk/t/cleaning-136 | https://www.myjobquote.co.uk/t/cleaning-136,myjobquote,1,
Cleaning,,Cleaner,,,4.68,0,,https://www.myjobquote.co.uk/t/natalia-21 | https://www.myjobquote.co.uk/t/natalia-21,myjobquote,1,
Natalia,,Cleaner,,,4.68,0,,https://www.myjobquote.co.uk/t/martinbandim | https://www.myjobquote.co.uk/t/martinbandim,myjobquote,1,
Ninka Cleaning and maintenance services Blago building services,,Cleaner,,,4.68,0,,https://www.myjobquote.co.uk/t/ninka-cleaning-and-maintenance-services-blago-building-services | https://www.myjobquote.co.uk/t/ninka-cleaning-and-maintenance-services-blago-building-services,myjobquote,1,
With love from liv,,Cleaner,,,4.68,0,,https://www.myjobquote.co.uk/t/with-love-from-liv | https://www.myjobquote.co.uk/t/with-love-from-liv,myjobquote,1,
Sorin Ratiu,,Cleaner,,,4.68,0,,https://www.myjobquote.co.uk/t/sorin-ratiu | https://www.myjobquote.co.uk/t/sorin-ratiu,myjobquote,1,
Sorin Ratiu,,Cleaner,,,4.68,0,,https://www.myjobquote.co.uk/t/rainbow-cleaning-experts | https://www.myjobquote.co.uk/t/rainbow-cleaning-experts,myjobquote,1,
Welfare cleaner,,Cleaner,,,4.68,0,,https://www.myjobquote.co.uk/t/welfare-cleaner-1 | https://www.myjobquote.co.uk/t/welfare-cleaner-1,myjobquote,1,
Welfare cleaner,,Cleaner,,,4.68,0,,https://www.myjobquote.co.uk/t/marjun-tripoli | https://www.myjobquote.co.uk/t/marjun-tripoli,myjobquote,1,
Marjun Tripoli,,Cleaner,,,4.68,0,,https://www.myjobquote.co.uk/t/borcelle-cleaners-limited | https://www.myjobquote.co.uk/t/borcelle-cleaners-limited,myjobquote,1,
Pure Urban Cleaning Services,,Cleaner,,,4.68,0,,https://www.myjobquote.co.uk/t/pure-urban-cleaning-services | https://www.myjobquote.co.uk/t/pure-urban-cleaning-services,myjobquote,1,
Comfort Cleaning,,Cleaner,,,4.68,0,,https://www.myjobquote.co.uk/t/comfort-cleaning | https://www.myjobquote.co.uk/t/comfort-cleaning,myjobquote,1,
Homescape eco clean,,Cleaner,,,4.68,0,,https://www.myjobquote.co.uk/t/homescape-eco-clean | https://www.myjobquote.co.uk/t/homescape-eco-clean,myjobquote,1,
Urinak Cleaning,,Cleaner,,,4.68,0,,https://www.myjobquote.co.uk/t/urinak-cleaning | https://www.myjobquote.co.uk/t/urinak-cleaning,myjobquote,1,
Urinak Cleaning,,Cleaner,,,4.68,0,,https://www.myjobquote.co.uk/t/cleaners2match | https://www.myjobquote.co.uk/t/cleaners2match,myjobquote,1,
Works Wonders,,Cleaner,,,4.68,0,,https://www.myjobquote.co.uk/t/works-wonders | https://www.myjobquote.co.uk/t/works-wonders,myjobquote,1,
Maggie Housekeeping,,Cleaner,,,4.68,0,,https://www.myjobquote.co.uk/t/maggie-housekeeping | https://www.myjobquote.co.uk/t/maggie-housekeeping,myjobquote,1,
Divine Whyte,,Cleaner,,,4.68,0,,https://www.myjobquote.co.uk/t/divine-whyte | https://www.myjobquote.co.uk/t/divine-whyte,myjobquote,1,
Verum cleaning services,,Cleaner,,,4.68,0,,https://www.myjobquote.co.uk/t/verum-cleaning-services | https://www.myjobquote.co.uk/t/verum-cleaning-services,myjobquote,1,
Top Jet Cleaners,,Cleaner,,,4.68,0,,https://www.myjobquote.co.uk/t/top-jet-cleaners | https://www.myjobquote.co.uk/t/top-jet-cleaners,myjobquote,1,
Rios cleaning,,Cleaner,,,4.68,0,,https://www.myjobquote.co.uk/t/rios-cleaning | https://www.myjobquote.co.uk/t/rios-cleaning,myjobquote,1,
Veronica,,Cleaner,,,4.68,0,,https://www.myjobquote.co.uk/t/veronica-6 | https://www.myjobquote.co.uk/t/veronica-6,myjobquote,1,
Wilclean,,Cleaner,,,4.68,0,,https://www.myjobquote.co.uk/t/wilclean | https://www.myjobquote.co.uk/t/wilclean,myjobquote,1,
Wilclean,,Cleaner,,,4.68,0,,https://www.myjobquote.co.uk/t/dust-go-with-it | https://www.myjobquote.co.uk/t/dust-go-with-it,myjobquote,1,
Revive Your Rental,,Cleaner,,,4.68,0,,https://www.myjobquote.co.uk/t/revive-your-rental | https://www.myjobquote.co.uk/t/revive-your-rental,myjobquote,1,
Gleaming homes Bromley,,Cleaner,,,4.68,0,,https://www.myjobquote.co.uk/t/gleaming-homes-bromley | https://www.myjobquote.co.uk/t/gleaming-homes-bromley,myjobquote,1,
Capital Cleaners Bromley Ltd,,Cleaner,,,4.68,0,,https://www.myjobquote.co.uk/t/capital-cleaners-bromley-ltd | https://www.myjobquote.co.uk/t/capital-cleaners-bromley-ltd,myjobquote,1,
Go For Cleaning LTD,,Cleaner,,,4.68,0,,https://www.myjobquote.co.uk/t/go-for-cleaning-ltd | https://www.myjobquote.co.uk/t/go-for-cleaning-ltd,myjobquote,1,
Krispy kleen ltd,,Cleaner,,,4.68,0,,https://www.myjobquote.co.uk/t/mana-company | https://www.myjobquote.co.uk/t/mana-company,myjobquote,1,
Pro clean Partnership,,Cleaner,,,4.68,0,,https://www.myjobquote.co.uk/t/pro-clean-partnership | https://www.myjobquote.co.uk/t/pro-clean-partnership,myjobquote,1,
Kleening and Care,,Cleaner,,,4.68,0,,https://www.myjobquote.co.uk/t/kleening-and-care | https://www.myjobquote.co.uk/t/kleening-and-care,myjobquote,1,
Emma Freira,,Cleaner,,,4.68,0,,https://www.myjobquote.co.uk/t/emma-freira | https://www.myjobquote.co.uk/t/emma-freira,myjobquote,1,
Carpet Cleaning Man,,Cleaner,,,4.68,0,,https://www.myjobquote.co.uk/t/carpet-cleaning-man | https://www.myjobquote.co.uk/t/carpet-cleaning-man,myjobquote,1,
Annie A,,Cleaner,,,5,1,,https://www.myjobquote.co.uk/t/annie-a | https://www.myjobquote.co.uk/t/annie-a,myjobquote,1,
Agas little Explorers ltd,,Cleaner,,,5,2,,https://www.myjobquote.co.uk/t/agas-little-explorers-ltd | https://www.myjobquote.co.uk/t/agas-little-explorers-ltd,myjobquote,1,
Capitslcleanersbromleyltd,,Cleaner,,,4.68,0,,https://www.myjobquote.co.uk/t/capitslcleanersbromleyltd | https://www.myjobquote.co.uk/t/capitslcleanersbromleyltd,myjobquote,1,
Gladys,,Cleaner,,,4.68,0,,https://www.myjobquote.co.uk/t/gladys-4 | https://www.myjobquote.co.uk/t/gladys-4,myjobquote,1,
Gladys,,Cleaner,,,4.68,0,,https://www.myjobquote.co.uk/t/anaevora | https://www.myjobquote.co.uk/t/anaevora,myjobquote,1,
AnaEvora,,Cleaner,,,4.68,0,,https://www.myjobquote.co.uk/t/ranga-1 | https://www.myjobquote.co.uk/t/ranga-1,myjobquote,1,
Yvette bruni,,Cleaner,,,4.68,0,,https://www.myjobquote.co.uk/t/yvette-bruni | https://www.myjobquote.co.uk/t/yvette-bruni,myjobquote,1,
Nana Aba Egyimah Quayson,,Cleaner,,,4.68,0,,https://www.myjobquote.co.uk/t/nana-aba-egyimah-quayson | https://www.myjobquote.co.uk/t/nana-aba-egyimah-quayson,myjobquote,1,
Nana Aba Egyimah Quayson,,Cleaner,,,4.68,0,,https://www.myjobquote.co.uk/t/joyce-2 | https://www.myjobquote.co.uk/t/joyce-2,myjobquote,1,
Joyce,,Cleaner,,,4.68,0,,https://www.myjobquote.co.uk/t/v32814073 | https://www.myjobquote.co.uk/t/v32814073,myjobquote,1,
v32814073,,Cleaner,,,4.68,0,,https://www.myjobquote.co.uk/t/pradeep-3 | https://www.myjobquote.co.uk/t/pradeep-3,myjobquote,1,
Mathew Alao,,Cleaner,,,4.68,0,,https://www.myjobquote.co.uk/t/mathew-alao | https://www.myjobquote.co.uk/t/mathew-alao,myjobquote,1,
Mathew Alao,,Cleaner,,,4.68,0,,https://www.myjobquote.co.uk/t/younes-boukhalfa | https://www.myjobquote.co.uk/t/younes-boukhalfa,myjobquote,1,
Younes boukhalfa,,Cleaner,,,4.68,0,,https://www.myjobquote.co.uk/t/kyle-cisse | https://www.myjobquote.co.uk/t/kyle-cisse,myjobquote,1,
Kyle Cisse,,Cleaner,,,4.68,0,,https://www.myjobquote.co.uk/t/care-clean | https://www.myjobquote.co.uk/t/care-clean,myjobquote,1,
Vex cleaners,,Cleaner,,,4.68,0,,https://www.myjobquote.co.uk/t/vex-cleaners | https://www.myjobquote.co.uk/t/vex-cleaners,myjobquote,1,
P.E.Cleaning services Ltd,,Cleaner,,,4.68,0,,https://www.myjobquote.co.uk/t/pecleaning-services-ltd | https://www.myjobquote.co.uk/t/pecleaning-services-ltd,myjobquote,1,
P.E.Cleaning services Ltd,,Cleaner,,,4.68,0,,https://www.myjobquote.co.uk/t/tyrese-4 | https://www.myjobquote.co.uk/t/tyrese-4,myjobquote,1,
Tyrese,,Cleaner,,,4.68,0,,https://www.myjobquote.co.uk/t/ayomide-3 | https://www.myjobquote.co.uk/t/ayomide-3,myjobquote,1,
Ayomide,,Cleaner,,,4.68,0,,https://www.myjobquote.co.uk/t/vanda-1 | https://www.myjobquote.co.uk/t/vanda-1,myjobquote,1,
Elena,,Cleaner,,,4.68,0,,https://www.myjobquote.co.uk/t/elena-24 | https://www.myjobquote.co.uk/t/elena-24,myjobquote,1,
WeKleen,,Cleaner,,,4.68,0,,https://www.myjobquote.co.uk/t/wekleen | https://www.myjobquote.co.uk/t/wekleen,myjobquote,1,
Sarah,,Cleaner,,,4.68,0,,https://www.myjobquote.co.uk/t/sarah-13 | https://www.myjobquote.co.uk/t/sarah-13,myjobquote,1,
Sarah,,Cleaner,,,4.68,0,,https://www.myjobquote.co.uk/t/faidat | https://www.myjobquote.co.uk/t/faidat,myjobquote,1,
Cleaner,,Cleaner,,,4.68,0,,https://www.myjobquote.co.uk/t/cleaner-233 | https://www.myjobquote.co.uk/t/cleaner-233,myjobquote,1,
Cleaner,,Cleaner,,,4.68,0,,https://www.myjobquote.co.uk/t/jds88 | https://www.myjobquote.co.uk/t/jds88,myjobquote,1,
JDS88,,Cleaner,,,4.68,0,,https://www.myjobquote.co.uk/t/marcelobellafronte | https://www.myjobquote.co.uk/t/marcelobellafronte,myjobquote,1,
Marcelobellafronte,,Cleaner,,,4.68,0,,https://www.myjobquote.co.uk/t/sadat-2 | https://www.myjobquote.co.uk/t/sadat-2,myjobquote,1,
Sadat,,Cleaner,,,4.68,0,,https://www.myjobquote.co.uk/t/ndidi-iroegbulem | https://www.myjobquote.co.uk/t/ndidi-iroegbulem,myjobquote,1,
Oluwaseye,,Cleaner,,,4.68,0,,https://www.myjobquote.co.uk/t/oluwaseye | https://www.myjobquote.co.uk/t/oluwaseye,myjobquote,1,
Fatiima,,Cleaner,,,4.68,0,,https://www.myjobquote.co.uk/t/fatiima | https://www.myjobquote.co.uk/t/fatiima,myjobquote,1,
Afiya begum,,Cleaner,,,4.68,0,,https://www.myjobquote.co.uk/t/afiya-begum | https://www.myjobquote.co.uk/t/afiya-begum,myjobquote,1,
THE KING CLEANING SERVICE,,Cleaner,,,5,5,,https://www.myjobquote.co.uk/t/the-king-cleaning-service | https://www.myjobquote.co.uk/t/the-king-cleaning-service,myjobquote,1,
Celma,,Cleaner,,,5,1,07418366285,https://www.myjobquote.co.uk/t/celma | https://www.myjobquote.co.uk/t/celma,myjobquote,1,
Jet pro cleaning,,Cleaner,,,5,1,,https://www.myjobquote.co.uk/t/jet-pro-cleaning | https://www.myjobquote.co.uk/t/jet-pro-cleaning,myjobquote,1,
Perinse Cleaning Services,,Cleaner,,,5,1,,https://www.myjobquote.co.uk/t/perinse-cleaning-services | https://www.myjobquote.co.uk/t/perinse-cleaning-services,myjobquote,1,
Adam James Ballard windows,,Cleaner,,,5,4,,https://www.myjobquote.co.uk/t/adam-james-ballard-windows | https://www.myjobquote.co.uk/t/adam-james-ballard-windows,myjobquote,1,
Clear Clean London Ltd,,Cleaner,,,5,3,,https://www.myjobquote.co.uk/t/clear-clean-london-ltd | https://www.myjobquote.co.uk/t/clear-clean-london-ltd,myjobquote,1,
Karolina’s Kleans,,Cleaner,,,5,1,,https://www.myjobquote.co.uk/t/karolinas-kleans | https://www.myjobquote.co.uk/t/karolinas-kleans,myjobquote,1,
AC Window Cleaning,,Cleaner,,,5,1,,https://www.myjobquote.co.uk/t/ac-window-cleaning | https://www.myjobquote.co.uk/t/ac-window-cleaning,myjobquote,1,
L&P cleaning services,,Cleaner,,,5,3,,https://www.myjobquote.co.uk/t/lp-cleaning-services | https://www.myjobquote.co.uk/t/lp-cleaning-services,myjobquote,1,
JOSEPH CLEANING,,Cleaner,,,4.5,2,,https://www.myjobquote.co.uk/t/joseph-cleaning | https://www.myjobquote.co.uk/t/joseph-cleaning,myjobquote,1,
lcsltd,,Cleaner,,,5,1,,https://www.myjobquote.co.uk/t/lcsltd | https://www.myjobquote.co.uk/t/lcsltd,myjobquote,1,
Cheryls cleaning services,,Cleaner,,,5,1,,https://www.myjobquote.co.uk/t/cheryls-cleaning-services | https://www.myjobquote.co.uk/t/cheryls-cleaning-services,myjobquote,1,
SEWINA CLEANERS,,Cleaner,,,5,1,,https://www.myjobquote.co.uk/t/sewina-cleaners | https://www.myjobquote.co.uk/t/sewina-cleaners,myjobquote,1,
Epic Cleaning  Setvices,,Cleaner,,,5,1,,https://www.myjobquote.co.uk/t/epic-cleaning-setvices | https://www.myjobquote.co.uk/t/epic-cleaning-setvices,myjobquote,1,
PD Home Services,,Cleaner,,,5,1,,https://www.myjobquote.co.uk/t/pd-home-services | https://www.myjobquote.co.uk/t/pd-home-services,myjobquote,1,
The House Keepers,,Cleaner,,,5,6,07441443201,https://www.myjobquote.co.uk/t/the-house-keepers | https://www.myjobquote.co.uk/t/the-house-keepers,myjobquote,1,
Home is Clean,,Cleaner,,,5,3,,https://www.myjobquote.co.uk/t/home-is-clean | https://www.myjobquote.co.uk/t/home-is-clean,myjobquote,1,
Ujiluda,,Cleaner,,,4.68,0,,https://www.myjobquote.co.uk/t/ujiluda | https://www.myjobquote.co.uk/t/ujiluda,myjobquote,1,
Oscar,,Cleaner,,,4.68,0,,https://www.myjobquote.co.uk/t/oscar-27 | https://www.myjobquote.co.uk/t/oscar-27,myjobquote,1,
DRD cleaning services,,Cleaner,,,4.68,0,,https://www.myjobquote.co.uk/t/drd-cleaning-services | https://www.myjobquote.co.uk/t/drd-cleaning-services,myjobquote,1,
DRD cleaning services,,Cleaner,,,4.68,0,,https://www.myjobquote.co.uk/t/isadora | https://www.myjobquote.co.uk/t/isadora,myjobquote,1,
Isadora,,Cleaner,,,4.68,0,,https://www.myjobquote.co.uk/t/obumneme-victor-odoh | https://www.myjobquote.co.uk/t/obumneme-victor-odoh,myjobquote,1,
Obumneme victor odoh,,Cleaner,,,5,1,,https://www.myjobquote.co.uk/t/rep-cleaning-services-limited | https://www.myjobquote.co.uk/t/rep-cleaning-services-limited,myjobquote,1,
Flawless Cleaning Services,,Cleaner,,,5,2,,https://www.myjobquote.co.uk/t/flawless-cleaning-services-2 | https://www.myjobquote.co.uk/t/flawless-cleaning-services-2,myjobquote,1,
Bright Cleaning Solution Ltd,,Cleaner,,,5,1,,https://www.myjobquote.co.uk/t/bright-cleaning-solution-ltd | https://www.myjobquote.co.uk/t/bright-cleaning-solution-ltd,myjobquote,1,
Hussein Ibrahim,,Cleaner,,,4.68,0,,https://www.myjobquote.co.uk/t/hussein-ibrahim | https://www.myjobquote.co.uk/t/hussein-ibrahim,myjobquote,1,
Hashim,,Cleaner,,,4.68,0,,https://www.myjobquote.co.uk/t/hashim-4 | https://www.myjobquote.co.uk/t/hashim-4,myjobquote,1,
Hashim,,Cleaner,,,4.68,0,,https://www.myjobquote.co.uk/t/deepanshu-sharma | https://www.myjobquote.co.uk/t/deepanshu-sharma,myjobquote,1,
Deepanshu Sharma,,Cleaner,,,4.68,0,,https://www.myjobquote.co.uk/t/class-clean-ltd | https://www.myjobquote.co.uk/t/class-clean-ltd,myjobquote,1,
Clean Streak,,Cleaner,,,4.68,0,,https://www.myjobquote.co.uk/t/clean-streak | https://www.myjobquote.co.uk/t/clean-streak,myjobquote,1,
Lexa Craciun,,Cleaner,,,4.68,0,,https://www.myjobquote.co.uk/t/lexa-craciun | https://www.myjobquote.co.uk/t/lexa-craciun,myjobquote,1,
Lexa Craciun,,Cleaner,,,4.68,0,,https://www.myjobquote.co.uk/t/reshma-1 | https://www.myjobquote.co.uk/t/reshma-1,myjobquote,1,
Reshma,,Cleaner,,,4.68,0,,https://www.myjobquote.co.uk/t/aravindan | https://www.myjobquote.co.uk/t/aravindan,myjobquote,1,
Aravindan,,Cleaner,,,4.68,0,,https://www.myjobquote.co.uk/t/cleanovate | https://www.myjobquote.co.uk/t/cleanovate,myjobquote,1,
Cleanovate,,Cleaner,,,4.68,0,,https://www.myjobquote.co.uk/t/drahomira | https://www.myjobquote.co.uk/t/drahomira,myjobquote,1,
Cleaner,,Cleaner,,,4.68,0,,https://www.myjobquote.co.uk/t/cleaner-649,myjobquote,1,
Paramjit,,Cleaner,,,4.68,0,,https://www.myjobquote.co.uk/t/paramjit-3 | https://www.myjobquote.co.uk/t/paramjit-3,myjobquote,1,
Paramjit,,Cleaner,,,4.68,0,,https://www.myjobquote.co.uk/t/abbie-17 | https://www.myjobquote.co.uk/t/abbie-17,myjobquote,1,
Abbie,,Cleaner,,,4.68,0,,https://www.myjobquote.co.uk/t/anmoldeep-singh | https://www.myjobquote.co.uk/t/anmoldeep-singh,myjobquote,1,
Anmoldeep Singh,,Cleaner,,,4.68,0,,https://www.myjobquote.co.uk/t/ngatuu | https://www.myjobquote.co.uk/t/ngatuu,myjobquote,1,
Alphawell cleaning limited,,Cleaner,,,4.68,0,,https://www.myjobquote.co.uk/t/alphawell-cleaning-limited | https://www.myjobquote.co.uk/t/alphawell-cleaning-limited,myjobquote,1,
Alphawell cleaning limited,,Cleaner,,,4.68,0,,https://www.myjobquote.co.uk/t/olushola | https://www.myjobquote.co.uk/t/olushola,myjobquote,1,
Olushola,,Cleaner,,,4.68,0,,https://www.myjobquote.co.uk/t/agnes-18 | https://www.myjobquote.co.uk/t/agnes-18,myjobquote,1,
Haya ghani,,Cleaner,,,4.68,0,,https://www.myjobquote.co.uk/t/haya-ghani | https://www.myjobquote.co.uk/t/haya-ghani,myjobquote,1,
Haya ghani,,Cleaner,,,4.68,0,,https://www.myjobquote.co.uk/t/andrew-fegen | https://www.myjobquote.co.uk/t/andrew-fegen,myjobquote,1,
Tsega,,Cleaner,,,4.68,0,,https://www.myjobquote.co.uk/t/tsega | https://www.myjobquote.co.uk/t/tsega,myjobquote,1,
Tsega,,Cleaner,,,4.68,0,,https://www.myjobquote.co.uk/t/i-dont-have-42 | https://www.myjobquote.co.uk/t/i-dont-have-42,myjobquote,1,
I dont have,,Cleaner,,,4.68,0,,https://www.myjobquote.co.uk/t/pristien-pluse | https://www.myjobquote.co.uk/t/pristien-pluse,myjobquote,1,
Clean co west,,Cleaner,,,4.68,0,,https://www.myjobquote.co.uk/t/clean-co-west | https://www.myjobquote.co.uk/t/clean-co-west,myjobquote,1,
Better builders,,Cleaner,,,4.68,0,,https://www.myjobquote.co.uk/t/better-builders | https://www.myjobquote.co.uk/t/better-builders,myjobquote,1,
Better builders,,Cleaner,,,4.68,0,,https://www.myjobquote.co.uk/t/cleaning-159 | https://www.myjobquote.co.uk/t/cleaning-159,myjobquote,1,
Cleaning,,Cleaner,,,4.68,0,,https://www.myjobquote.co.uk/t/oleksandr-tymchyshyn | https://www.myjobquote.co.uk/t/oleksandr-tymchyshyn,myjobquote,1,
Oleksandr Tymchyshyn,,Cleaner,,,4.68,0,,https://www.myjobquote.co.uk/t/asayr | https://www.myjobquote.co.uk/t/asayr,myjobquote,1,
Cleaner,,Cleaner,,,4.68,0,,https://www.myjobquote.co.uk/t/brian-nkelani | https://www.myjobquote.co.uk/t/brian-nkelani,myjobquote,1,
Miss clean queen,,Cleaner,,,4.68,0,,https://www.myjobquote.co.uk/t/miss-clean-queen | https://www.myjobquote.co.uk/t/miss-clean-queen,myjobquote,1,
Janet,,Cleaner,,,4,1,,https://www.myjobquote.co.uk/t/janet-17 | https://www.myjobquote.co.uk/t/janet-17,myjobquote,1,
DLC Van Services,,Cleaner,,,4,23,,https://www.myjobquote.co.uk/t/dlc-van-services | https://www.myjobquote.co.uk/t/dlc-van-services,myjobquote,1,
Precious Cleaning Services,,Cleaner,,,5,1,,https://www.myjobquote.co.uk/t/precious-cleaning-services-1 | https://www.myjobquote.co.uk/t/precious-cleaning-services-1,myjobquote,1,
Clinica Cleaning Services,,Cleaner,,,5,1,,https://www.myjobquote.co.uk/t/clinica-cleaning-services | https://www.myjobquote.co.uk/t/clinica-cleaning-services,myjobquote,1,
William Services,,Cleaner,,,5,2,,https://www.myjobquote.co.uk/t/william-services | https://www.myjobquote.co.uk/t/william-services,myjobquote,1,
GLR Cleaning Solutions,,Cleaner,,,5,1,,https://www.myjobquote.co.uk/t/glr-cleaning-solutions-1 | https://www.myjobquote.co.uk/t/glr-cleaning-solutions-1,myjobquote,1,
samantha scullion,,Cleaner,,,5,1,,https://www.myjobquote.co.uk/t/samantha-scullion | https://www.myjobquote.co.uk/t/samantha-scullion,myjobquote,1,
bathrooms and maintenance,,Cleaner,,,4.8,16,,https://www.myjobquote.co.uk/t/bathrooms-and-maintenance | https://www.myjobquote.co.uk/t/bathrooms-and-maintenance,myjobquote,1,
Sparkle clean,,Cleaner,,,5,2,,https://www.myjobquote.co.uk/t/sparkle-clean-3 | https://www.myjobquote.co.uk/t/sparkle-clean-3,myjobquote,1,
ElenGant. Tree works .LYD,,Cleaner,,,4.68,0,,https://www.myjobquote.co.uk/t/elengant-tree-works-lyd | https://www.myjobquote.co.uk/t/elengant-tree-works-lyd,myjobquote,1,
Goorex maintanance ltd,,Cleaner,,,4.68,0,,https://www.myjobquote.co.uk/t/goorex-maintanance-ltd | https://www.myjobquote.co.uk/t/goorex-maintanance-ltd,myjobquote,1,
Sulait khalid,,Cleaner,,,4.68,0,,https://www.myjobquote.co.uk/t/sulait-khalid | https://www.myjobquote.co.uk/t/sulait-khalid,myjobquote,1,
Sulait khalid,,Cleaner,,,4.68,0,,https://www.myjobquote.co.uk/t/hryhorii-levytskyi | https://www.myjobquote.co.uk/t/hryhorii-levytskyi,myjobquote,1,
Hryhorii Levytskyi,,Cleaner,,,4.68,0,,https://www.myjobquote.co.uk/t/kasem-al-radi | https://www.myjobquote.co.uk/t/kasem-al-radi,myjobquote,1,
KASEM Al RADI,,Cleaner,,,4.68,0,,https://www.myjobquote.co.uk/t/i-was-delivery-rider | https://www.myjobquote.co.uk/t/i-was-delivery-rider,myjobquote,1,
I was delivery Rider,,Cleaner,,,4.68,0,,https://www.myjobquote.co.uk/t/paul-handy-man-2 | https://www.myjobquote.co.uk/t/paul-handy-man-2,myjobquote,1,
Paul Handy Man,,Cleaner,,,4.68,0,,https://www.myjobquote.co.uk/t/diamond-home-support-glasgow | https://www.myjobquote.co.uk/t/diamond-home-support-glasgow,myjobquote,1,
Osmane,,Cleaner,,,4.68,0,,https://www.myjobquote.co.uk/t/osmane | https://www.myjobquote.co.uk/t/osmane,myjobquote,1,
Osmane,,Cleaner,,,4.68,0,,https://www.myjobquote.co.uk/t/aqitown | https://www.myjobquote.co.uk/t/aqitown,myjobquote,1,
Envirowaste,,Cleaner,,,4.68,0,,https://www.myjobquote.co.uk/t/envirowaste | https://www.myjobquote.co.uk/t/envirowaste,myjobquote,1,
Envirowaste,,Cleaner,,,4.68,0,,https://www.myjobquote.co.uk/t/quick-tick-ltd | https://www.myjobquote.co.uk/t/quick-tick-ltd,myjobquote,1,
Wisdom,,Cleaner,,,4.68,0,,https://www.myjobquote.co.uk/t/wisdom-5 | https://www.myjobquote.co.uk/t/wisdom-5,myjobquote,1,
Silascorp,,Cleaner,,,4.68,0,,https://www.myjobquote.co.uk/t/silascorp | https://www.myjobquote.co.uk/t/silascorp,myjobquote,1,
Silascorp,,Cleaner,,,4.68,0,,https://www.myjobquote.co.uk/t/janai | https://www.myjobquote.co.uk/t/janai,myjobquote,1,
Sophie,,Cleaner,,,4.68,0,,https://www.myjobquote.co.uk/t/sophie-47 | https://www.myjobquote.co.uk/t/sophie-47,myjobquote,1,
Sophie,,Cleaner,,,4.68,0,,https://www.myjobquote.co.uk/t/adrian-raileanu-1 | https://www.myjobquote.co.uk/t/adrian-raileanu-1,myjobquote,1,
Adrian Raileanu,,Cleaner,,,4.68,0,,https://www.myjobquote.co.uk/t/quick-spotlight-limited | https://www.myjobquote.co.uk/t/quick-spotlight-limited,myjobquote,1,
Charles Kwadwo Tweneboah,,Cleaner,,,4.68,0,,https://www.myjobquote.co.uk/t/charles-kwadwo-tweneboah | https://www.myjobquote.co.uk/t/charles-kwadwo-tweneboah,myjobquote,1,
Charles Kwadwo Tweneboah,,Cleaner,,,4.68,0,,https://www.myjobquote.co.uk/t/jansen-group | https://www.myjobquote.co.uk/t/jansen-group,myjobquote,1,
Jansen group,,Cleaner,,,4.68,0,,https://www.myjobquote.co.uk/t/reillyco-cleaning-company | https://www.myjobquote.co.uk/t/reillyco-cleaning-company,myjobquote,1,
Ester,,Cleaner,,,4.68,0,,https://www.myjobquote.co.uk/t/ester-1 | https://www.myjobquote.co.uk/t/ester-1,myjobquote,1,
Steven Simmy,,Cleaner,,,4.68,0,,https://www.myjobquote.co.uk/t/steven-simmy | https://www.myjobquote.co.uk/t/steven-simmy,myjobquote,1,
Glasgow A-List Cleaners,,Cleaner,,,4.68,0,,https://www.myjobquote.co.uk/t/glasgow-a-list-cleaners | https://www.myjobquote.co.uk/t/glasgow-a-list-cleaners,myjobquote,1,
Ahmed,,Cleaner,,,4.68,0,,https://www.myjobquote.co.uk/t/ahmed-45 | https://www.myjobquote.co.uk/t/ahmed-45,myjobquote,1,
Ahmed,,Cleaner,,,4.68,0,,https://www.myjobquote.co.uk/t/ewelina-zabrocka | https://www.myjobquote.co.uk/t/ewelina-zabrocka,myjobquote,1,
Lea-Dona marechal,,Cleaner,,,4.68,0,,https://www.myjobquote.co.uk/t/lea-dona-marechal | https://www.myjobquote.co.uk/t/lea-dona-marechal,myjobquote,1,
Lea-Dona marechal,,Cleaner,,,4.68,0,,https://www.myjobquote.co.uk/t/laura-colqhoun | https://www.myjobquote.co.uk/t/laura-colqhoun,myjobquote,1,
Revive and renew,,Cleaner,,,4.68,0,,https://www.myjobquote.co.uk/t/revive-and-renew | https://www.myjobquote.co.uk/t/revive-and-renew,myjobquote,1,
Forever spotless cleaning,,Cleaner,,,4.68,0,,https://www.myjobquote.co.uk/t/forever-spotless-cleaning | https://www.myjobquote.co.uk/t/forever-spotless-cleaning,myjobquote,1,
Fine shop,,Cleaner,,,4.68,0,,https://www.myjobquote.co.uk/t/fine-shop | https://www.myjobquote.co.uk/t/fine-shop,myjobquote,1,
Fine shop,,Cleaner,,,4.68,0,,https://www.myjobquote.co.uk/t/greenglide-cleaners | https://www.myjobquote.co.uk/t/greenglide-cleaners,myjobquote,1,
ShineClean,,Cleaner,,,4.68,0,,https://www.myjobquote.co.uk/t/shineclean | https://www.myjobquote.co.uk/t/shineclean,myjobquote,1,
Patricia,,Cleaner,,,4.68,0,,https://www.myjobquote.co.uk/t/patricia-15 | https://www.myjobquote.co.uk/t/patricia-15,myjobquote,1,
Patricia,,Cleaner,,,4.68,0,,https://www.myjobquote.co.uk/t/maxine-4 | https://www.myjobquote.co.uk/t/maxine-4,myjobquote,1,
Squeaky clean by Olivia’s team ltd,,Cleaner,,,4.68,0,,https://www.myjobquote.co.uk/t/squeaky-clean-by-olivias-team-ltd | https://www.myjobquote.co.uk/t/squeaky-clean-by-olivias-team-ltd,myjobquote,1,
Stay Spotless Glasgow,,Cleaner,,,4.68,0,,https://www.myjobquote.co.uk/t/stay-spotless-glasgow | https://www.myjobquote.co.uk/t/stay-spotless-glasgow,myjobquote,1,
Joyce barton,,Cleaner,,,4.68,0,,https://www.myjobquote.co.uk/t/joyce-barton | https://www.myjobquote.co.uk/t/joyce-barton,myjobquote,1,
Feemo,,Cleaner,,,4.68,0,,https://www.myjobquote.co.uk/t/feemo | https://www.myjobquote.co.uk/t/feemo,myjobquote,1,
Feemo,,Cleaner,,,4.68,0,,https://www.myjobquote.co.uk/t/sparkly-spaces | https://www.myjobquote.co.uk/t/sparkly-spaces,myjobquote,1,
Nicely Cleaned,,Cleaner,,,4.68,0,,https://www.myjobquote.co.uk/t/nicely-cleaned | https://www.myjobquote.co.uk/t/nicely-cleaned,myjobquote,1,
Jan Zbily LTD,,Cleaner,,,4.68,0,,https://www.myjobquote.co.uk/t/jan-zbily-ltd | https://www.myjobquote.co.uk/t/jan-zbily-ltd,myjobquote,1,
البناء,,Cleaner,,,4.68,0,,https://www.myjobquote.co.uk/t/albnaaa | https://www.myjobquote.co.uk/t/albnaaa,myjobquote,1,
البناء,,Cleaner,,,4.68,0,,https://www.myjobquote.co.uk/t/glasgow-gutter-suckers | https://www.myjobquote.co.uk/t/glasgow-gutter-suckers,myjobquote,1,
Glasgow Gutter Suckers,,Cleaner,,,4.68,0,,https://www.myjobquote.co.uk/t/abraham-17 | https://www.myjobquote.co.uk/t/abraham-17,myjobquote,1,
Abraham,,Cleaner,,,4.68,0,,https://www.myjobquote.co.uk/t/clener-9 | https://www.myjobquote.co.uk/t/clener-9,myjobquote,1,
Clener,,Cleaner,,,4.68,0,,https://www.myjobquote.co.uk/t/b2sparkles | https://www.myjobquote.co.uk/t/b2sparkles,myjobquote,1,
Eldeno Collections,,Cleaner,,,4.68,0,,https://www.myjobquote.co.uk/t/eldeno-collections | https://www.myjobquote.co.uk/t/eldeno-collections,myjobquote,1,
Dylan Hanna,,Cleaner,,,4.68,0,,https://www.myjobquote.co.uk/t/dylan-hanna | https://www.myjobquote.co.uk/t/dylan-hanna,myjobquote,1,
Dylan Hanna,,Cleaner,,,4.68,0,,https://www.myjobquote.co.uk/t/redangel | https://www.myjobquote.co.uk/t/redangel,myjobquote,1,
Gems cleaning and ironing services,,Cleaner,,,5,2,,https://www.myjobquote.co.uk/t/gems-cleaning-and-ironing-services | https://www.myjobquote.co.uk/t/gems-cleaning-and-ironing-services,myjobquote,1,
Gleam team cleaning services,,Cleaner,,,5,1,,https://www.myjobquote.co.uk/t/gleam-team-cleaning-services | https://www.myjobquote.co.uk/t/gleam-team-cleaning-services,myjobquote,1,
Crystal Cleaning Domestic and Commercial,,Cleaner,,,5,2,,https://www.myjobquote.co.uk/t/crystal-cleaning-domestic-and-commercial | https://www.myjobquote.co.uk/t/crystal-cleaning-domestic-and-commercial,myjobquote,1,
Evie Cleaning service,,Cleaner,,,5,2,,https://www.myjobquote.co.uk/t/evie-cleaning-service | https://www.myjobquote.co.uk/t/evie-cleaning-service,myjobquote,1,
A L Cleaning Services,,Cleaner,,,4,1,,https://www.myjobquote.co.uk/t/a-l-cleaning-services | https://www.myjobquote.co.uk/t/a-l-cleaning-services,myjobquote,1,
Adun360 Ltd,,Cleaner,,,4.68,0,,https://www.myjobquote.co.uk/t/adun360-ltd | https://www.myjobquote.co.uk/t/adun360-ltd,myjobquote,1,
Bigwhales,,Cleaner,,,4.68,0,,https://www.myjobquote.co.uk/t/bigwhales | https://www.myjobquote.co.uk/t/bigwhales,myjobquote,1,
Precious,,Cleaner,,,4.68,0,,https://www.myjobquote.co.uk/t/precious-3 | https://www.myjobquote.co.uk/t/precious-3,myjobquote,1,
Precious,,Cleaner,,,4.68,0,,https://www.myjobquote.co.uk/t/alex-fitzgerald | https://www.myjobquote.co.uk/t/alex-fitzgerald,myjobquote,1,
S&d elite cleaning solutions,,Cleaner,,,4.68,0,,https://www.myjobquote.co.uk/t/sd-elite-cleaning-solutions | https://www.myjobquote.co.uk/t/sd-elite-cleaning-solutions,myjobquote,1,
D&E Enterprise,,Cleaner,,,4.68,0,,https://www.myjobquote.co.uk/t/de-enterprise | https://www.myjobquote.co.uk/t/de-enterprise,myjobquote,1,
Stayhub Housekeeping,,Cleaner,,,5,1,,https://www.myjobquote.co.uk/t/stayhub-housekeeping | https://www.myjobquote.co.uk/t/stayhub-housekeeping,myjobquote,1,
Blessed and Fresh,,Cleaner,,,5,2,,https://www.myjobquote.co.uk/t/blessed-and-fresh | https://www.myjobquote.co.uk/t/blessed-and-fresh,myjobquote,1,
Luxe cleaning services ltd,,Cleaner,,,5,1,,https://www.myjobquote.co.uk/t/luxe-cleaning-services-ltd | https://www.myjobquote.co.uk/t/luxe-cleaning-services-ltd,myjobquote,1,
Cleonique Tech Ltd,,Cleaner,,,5,2,07418343623,https://www.myjobquote.co.uk/t/cleonique-tech-ltd | https://www.myjobquote.co.uk/t/cleonique-tech-ltd,myjobquote,1,
Sureshine cleaning,,Cleaner,,,5,1,07418367132,https://www.myjobquote.co.uk/t/sureshine-cleaning | https://www.myjobquote.co.uk/t/sureshine-cleaning,myjobquote,1,
Nkj services,,Cleaner,,,5,4,,https://www.myjobquote.co.uk/t/nkj-services | https://www.myjobquote.co.uk/t/nkj-services,myjobquote,1,
BNT Services,,Cleaner,,,5,22,,https://www.myjobquote.co.uk/t/bnt-services | https://www.myjobquote.co.uk/t/bnt-services,myjobquote,1,
RMB cleaning,,Cleaner,,,5,2,,https://www.myjobquote.co.uk/t/rmb-cleaning | https://www.myjobquote.co.uk/t/rmb-cleaning,myjobquote,1,
Steve Steam Wash,,Cleaner,,,5,1,,https://www.myjobquote.co.uk/t/steve-steam-wash | https://www.myjobquote.co.uk/t/steve-steam-wash,myjobquote,1,
A woman&#039;s touch,,Cleaner,,,4.68,0,,https://www.myjobquote.co.uk/t/a-womans-touch-4 | https://www.myjobquote.co.uk/t/a-womans-touch-4,myjobquote,1,
Handiman,,Cleaner,,,4.68,0,,https://www.myjobquote.co.uk/t/handiman-8 | https://www.myjobquote.co.uk/t/handiman-8,myjobquote,1,
Cellener,,Cleaner,,,4.68,0,,https://www.myjobquote.co.uk/t/cellener | https://www.myjobquote.co.uk/t/cellener,myjobquote,1,
Cellener,,Cleaner,,,4.68,0,,https://www.myjobquote.co.uk/t/philomena-3 | https://www.myjobquote.co.uk/t/philomena-3,myjobquote,1,
MFS Facilities Management LYD,,Cleaner,,,4.68,0,,https://www.myjobquote.co.uk/t/mfs-facilities-management-lyd | https://www.myjobquote.co.uk/t/mfs-facilities-management-lyd,myjobquote,1,
MFS Facilities Management LYD,,Cleaner,,,4.68,0,,https://www.myjobquote.co.uk/t/afrin | https://www.myjobquote.co.uk/t/afrin,myjobquote,1,
Giovany Kamga Medjiako,,Cleaner,,,4.68,0,,https://www.myjobquote.co.uk/t/giovany-kamga-medjiako | https://www.myjobquote.co.uk/t/giovany-kamga-medjiako,myjobquote,1,
What mess?,,Cleaner,,,4.68,0,,https://www.myjobquote.co.uk/t/what-mess | https://www.myjobquote.co.uk/t/what-mess,myjobquote,1,
Me&you,,Cleaner,,,4.68,0,,https://www.myjobquote.co.uk/t/meyou | https://www.myjobquote.co.uk/t/meyou,myjobquote,1,
Nikolas,,Cleaner,,,4.68,0,,https://www.myjobquote.co.uk/t/nikolas-2 | https://www.myjobquote.co.uk/t/nikolas-2,myjobquote,1,
Nikolas,,Cleaner,,,4.68,0,,https://www.myjobquote.co.uk/t/just-clean-newport | https://www.myjobquote.co.uk/t/just-clean-newport,myjobquote,1,
Just clean Newport,,Cleaner,,,4.68,0,,https://www.myjobquote.co.uk/t/magdalena-11 | https://www.myjobquote.co.uk/t/magdalena-11,myjobquote,1,
Kaiden,,Cleaner,,,4.68,0,,https://www.myjobquote.co.uk/t/kaiden | https://www.myjobquote.co.uk/t/kaiden,myjobquote,1,
CJ Services,,Cleaner,,,4.8,9,07418343720,https://www.myjobquote.co.uk/t/cj-services-5 | https://www.myjobquote.co.uk/t/cj-services-5,myjobquote,1,
Squeegee King Window & Gutter Cleaning,,Cleaner,,,4,1,,https://www.myjobquote.co.uk/t/squeegee-king-window-gutter-cleaning | https://www.myjobquote.co.uk/t/squeegee-king-window-gutter-cleaning,myjobquote,1,
CST Offspring Cleaning Services,,Cleaner,,,5,2,,https://www.myjobquote.co.uk/t/cst-offspring-cleaning-services | https://www.myjobquote.co.uk/t/cst-offspring-cleaning-services,myjobquote,1,
Blitz cleaning services,,Cleaner,,,5,1,,https://www.myjobquote.co.uk/t/blitz-cleaning-services | https://www.myjobquote.co.uk/t/blitz-cleaning-services,myjobquote,1,
Adrian,,Cleaner,,,5,1,,https://www.myjobquote.co.uk/t/adrian-71 | https://www.myjobquote.co.uk/t/adrian-71,myjobquote,1,
Kamil,,Cleaner,,,5,1,,https://www.myjobquote.co.uk/t/kamil-15 | https://www.myjobquote.co.uk/t/kamil-15,myjobquote,1,
Beniamin Cornelius Avram,,Cleaner,,,4.68,0,,https://www.myjobquote.co.uk/t/beniamin-cornelius-avram | https://www.myjobquote.co.uk/t/beniamin-cornelius-avram,myjobquote,1,
Diamond cleans,,Cleaner,,,4.68,0,,https://www.myjobquote.co.uk/t/diamond-cleans-1 | https://www.myjobquote.co.uk/t/diamond-cleans-1,myjobquote,1,
Tattiana or tia,,Cleaner,,,4.68,0,,https://www.myjobquote.co.uk/t/tattiana-or-tia | https://www.myjobquote.co.uk/t/tattiana-or-tia,myjobquote,1,
Scrubberup ltd,,Cleaner,,,4.68,0,,https://www.myjobquote.co.uk/t/scrubberup-ltd | https://www.myjobquote.co.uk/t/scrubberup-ltd,myjobquote,1,
Seba Power Ltd,,Cleaner,,,4.68,0,,https://www.myjobquote.co.uk/t/seba-power-ltd | https://www.myjobquote.co.uk/t/seba-power-ltd,myjobquote,1,
Gillens Property Maintenance,,Cleaner,,,4.68,0,,https://www.myjobquote.co.uk/t/gillens-property-maintenance | https://www.myjobquote.co.uk/t/gillens-property-maintenance,myjobquote,1,
Rejuven8 Cleaning Services,,Cleaner,,,4.68,0,,https://www.myjobquote.co.uk/t/rejuven8-cleaning-services | https://www.myjobquote.co.uk/t/rejuven8-cleaning-services,myjobquote,1,
Mister Broom,,Cleaner,,,4.68,0,,https://www.myjobquote.co.uk/t/mister-broom | https://www.myjobquote.co.uk/t/mister-broom,myjobquote,1,
Mister Broom,,Cleaner,,,4.68,0,,https://www.myjobquote.co.uk/t/ryel-cleaning | https://www.myjobquote.co.uk/t/ryel-cleaning,myjobquote,1,
Foretell Detail Cleaning,,Cleaner,,,4.68,0,,https://www.myjobquote.co.uk/t/foretell-detail-cleaning | https://www.myjobquote.co.uk/t/foretell-detail-cleaning,myjobquote,1,
Global,,Cleaner,,,4.68,0,,https://www.myjobquote.co.uk/t/global-4 | https://www.myjobquote.co.uk/t/global-4,myjobquote,1,
Global,,Cleaner,,,4.68,0,,https://www.myjobquote.co.uk/t/the-study-touch-cleaning-co | https://www.myjobquote.co.uk/t/the-study-touch-cleaning-co,myjobquote,1,
JJ Prime Cleaning Services Ltd,,Cleaner,,,4.68,0,,https://www.myjobquote.co.uk/t/jj-prime-cleaning-services-ltd-1 | https://www.myjobquote.co.uk/t/jj-prime-cleaning-services-ltd-1,myjobquote,1,
Townsends window cleaning,,Cleaner,,,4.68,0,,https://www.myjobquote.co.uk/t/townsends-window-cleaning | https://www.myjobquote.co.uk/t/townsends-window-cleaning,myjobquote,1,
End of tenants cleaning Cardiff,,Cleaner,,,4.68,0,,https://www.myjobquote.co.uk/t/end-of-tenants-cleaning-cardiff | https://www.myjobquote.co.uk/t/end-of-tenants-cleaning-cardiff,myjobquote,1,
Sparkly Clean Queen,,Cleaner,,,4.68,0,,https://www.myjobquote.co.uk/t/sparkly-clean-queen | https://www.myjobquote.co.uk/t/sparkly-clean-queen,myjobquote,1,
Excellent finish solutions,,Cleaner,,,4.68,0,,https://www.myjobquote.co.uk/t/excellent-finish-solutions | https://www.myjobquote.co.uk/t/excellent-finish-solutions,myjobquote,1,
I C Solutions Ltd,,Cleaner,,,4.68,0,,https://www.myjobquote.co.uk/t/i-c-solutions-ltd | https://www.myjobquote.co.uk/t/i-c-solutions-ltd,myjobquote,1,
Clean Touch Domestic Cleaning,,Cleaner,,,4.68,0,,https://www.myjobquote.co.uk/t/clean-touch-domestic-cleaning | https://www.myjobquote.co.uk/t/clean-touch-domestic-cleaning,myjobquote,1,
Cardiff Quality Cleaning,,Cleaner,,,4.68,0,,https://www.myjobquote.co.uk/t/cardiff-quality-cleaning | https://www.myjobquote.co.uk/t/cardiff-quality-cleaning,myjobquote,1,
Paige,,Cleaner,,,4.68,0,,https://www.myjobquote.co.uk/t/paige-23 | https://www.myjobquote.co.uk/t/paige-23,myjobquote,1,
CardiffCleanCo,,Cleaner,,,4.68,0,,https://www.myjobquote.co.uk/t/cardiffcleanco | https://www.myjobquote.co.uk/t/cardiffcleanco,myjobquote,1,
Dazcaz cleaning limited limited,,Cleaner,,,4.68,0,,https://www.myjobquote.co.uk/t/dazcaz-cleaning-limited-limited | https://www.myjobquote.co.uk/t/dazcaz-cleaning-limited-limited,myjobquote,1,
Dazcaz cleaning limited limited,,Cleaner,,,4.68,0,,https://www.myjobquote.co.uk/t/eloids-eco-clean | https://www.myjobquote.co.uk/t/eloids-eco-clean,myjobquote,1,
Adebimpe,,Cleaner,,,4.68,0,,https://www.myjobquote.co.uk/t/adebimpe | https://www.myjobquote.co.uk/t/adebimpe,myjobquote,1,
Michael,,Cleaner,,,4.68,0,,https://www.myjobquote.co.uk/t/michael-251 | https://www.myjobquote.co.uk/t/michael-251,myjobquote,1,
Michael,,Cleaner,,,4,1,,https://www.myjobquote.co.uk/t/unicorn-handyman-services-ltd | https://www.myjobquote.co.uk/t/unicorn-handyman-services-ltd,myjobquote,1,
J.w painting and decorating,,Cleaner,,,4.68,0,,https://www.myjobquote.co.uk/t/jw-painting-and-decorating-1 | https://www.myjobquote.co.uk/t/jw-painting-and-decorating-1,myjobquote,1,
Housekeepig,,Cleaner,,,4.68,0,,https://www.myjobquote.co.uk/t/housekeepig | https://www.myjobquote.co.uk/t/housekeepig,myjobquote,1,
Taiwo,,Cleaner,,,4.68,0,,https://www.myjobquote.co.uk/t/taiwo-3 | https://www.myjobquote.co.uk/t/taiwo-3,myjobquote,1,
Holy Begum,,Cleaner,,,4.68,0,,https://www.myjobquote.co.uk/t/holy-begum | https://www.myjobquote.co.uk/t/holy-begum,myjobquote,1,
Holy Begum,,Cleaner,,,4.68,0,,https://www.myjobquote.co.uk/t/susan-5 | https://www.myjobquote.co.uk/t/susan-5,myjobquote,1,
susan,,Cleaner,,,4.68,0,,https://www.myjobquote.co.uk/t/conor-paterson | https://www.myjobquote.co.uk/t/conor-paterson,myjobquote,1,
Conor Paterson,,Cleaner,,,4.68,0,,https://www.myjobquote.co.uk/t/wemdraught | https://www.myjobquote.co.uk/t/wemdraught,myjobquote,1,
Wemdraught,,Cleaner,,,4.68,0,,https://www.myjobquote.co.uk/t/clener-4 | https://www.myjobquote.co.uk/t/clener-4,myjobquote,1,
Clener,,Cleaner,,,4.68,0,,https://www.myjobquote.co.uk/t/lidia-gacka | https://www.myjobquote.co.uk/t/lidia-gacka,myjobquote,1,
Lidia Gacka,,Cleaner,,,4.68,0,,https://www.myjobquote.co.uk/t/lilly-3 | https://www.myjobquote.co.uk/t/lilly-3,myjobquote,1,
Lilly,,Cleaner,,,4.68,0,,https://www.myjobquote.co.uk/t/himalayanboy | https://www.myjobquote.co.uk/t/himalayanboy,myjobquote,1,
Himalayanboy,,Cleaner,,,4.68,0,,https://www.myjobquote.co.uk/t/miss-shine-cleaning-services | https://www.myjobquote.co.uk/t/miss-shine-cleaning-services,myjobquote,1,
Libertys cleaning ltd,,Cleaner,,,4.68,0,,https://www.myjobquote.co.uk/t/libertys-cleaning-ltd | https://www.myjobquote.co.uk/t/libertys-cleaning-ltd,myjobquote,1,
Libertys cleaning ltd,,Cleaner,,,4.68,0,,https://www.myjobquote.co.uk/t/sp-eco-clean | https://www.myjobquote.co.uk/t/sp-eco-clean,myjobquote,1,
Mr Shine Window And Gutter Cleaning,,Cleaner,,,4.68,0,,https://www.myjobquote.co.uk/t/mr-shine-window-and-gutter-cleaning | https://www.myjobquote.co.uk/t/mr-shine-window-and-gutter-cleaning,myjobquote,1,
Mr Shine Window And Gutter Cleaning,,Cleaner,,,4.68,0,,https://www.myjobquote.co.uk/t/lilyjane | https://www.myjobquote.co.uk/t/lilyjane,myjobquote,1,
LilyJane,,Cleaner,,,4.68,0,,https://www.myjobquote.co.uk/t/toufiq-hussain | https://www.myjobquote.co.uk/t/toufiq-hussain,myjobquote,1,
Toufiq hussain,,Cleaner,,,5,1,,https://www.myjobquote.co.uk/t/dragon-cleaners | https://www.myjobquote.co.uk/t/dragon-cleaners,myjobquote,1,
Danyel Garden Care LTD,,Cleaner,,,5,4,07418373874,https://www.myjobquote.co.uk/t/danyel-garden-care-ltd | https://www.myjobquote.co.uk/t/danyel-garden-care-ltd,myjobquote,1,
Kusy limited,,Cleaner,,,5,1,,https://www.myjobquote.co.uk/t/kusy-limited | https://www.myjobquote.co.uk/t/kusy-limited,myjobquote,1,
Verity cleaning company/ hive property maintenance,,Cleaner,,,5,11,,https://www.myjobquote.co.uk/t/verity-cleaning-company-hive-property-maintenance | https://www.myjobquote.co.uk/t/verity-cleaning-company-hive-property-maintenance,myjobquote,1,
Loooooo,,Cleaner,,,5,2,,https://www.myjobquote.co.uk/t/loooooo | https://www.myjobquote.co.uk/t/loooooo,myjobquote,1,
Spick and span Cardiff,,Cleaner,,,5,2,,https://www.myjobquote.co.uk/t/spick-and-span-cardiff | https://www.myjobquote.co.uk/t/spick-and-span-cardiff,myjobquote,1,
ShineSparkle Clean,,Cleaner,,,5,3,07418344937,https://www.myjobquote.co.uk/t/shinesparkle-clean | https://www.myjobquote.co.uk/t/shinesparkle-clean,myjobquote,1,
Eco External Cleaning Solutions,,Cleaner,,,5,3,,https://www.myjobquote.co.uk/t/eco-external-cleaning-solutions-1 | https://www.myjobquote.co.uk/t/eco-external-cleaning-solutions-1,myjobquote,1,
Green thumb gardening,,Cleaner,,,5,3,,https://www.myjobquote.co.uk/t/green-thumb-gardening-1 | https://www.myjobquote.co.uk/t/green-thumb-gardening-1,myjobquote,1,
Lanore Cleaning Service Ltd,,Cleaner,,,5,3,,https://www.myjobquote.co.uk/t/lanore-cleaning-service-ltd | https://www.myjobquote.co.uk/t/lanore-cleaning-service-ltd,myjobquote,1,
Smiths home improvements,,Cleaner,,,5,2,,https://www.myjobquote.co.uk/t/smiths-home-improvements | https://www.myjobquote.co.uk/t/smiths-home-improvements,myjobquote,1,
MagicTouchCleaningServices,,Cleaner,,,5,1,,https://www.myjobquote.co.uk/t/magictouchcleaningservices | https://www.myjobquote.co.uk/t/magictouchcleaningservices,myjobquote,1,
Squillace Company Ltd,,Cleaner,,,4.68,0,,https://www.myjobquote.co.uk/t/squillace-company-ltd | https://www.myjobquote.co.uk/t/squillace-company-ltd,myjobquote,1,
Handyman & Cleaning Services,,Cleaner,,,4.68,0,,https://www.myjobquote.co.uk/t/handyman-cleaning-services | https://www.myjobquote.co.uk/t/handyman-cleaning-services,myjobquote,1,
Rainbow roofing and cleaning service,,Cleaner,,,4.68,0,,https://www.myjobquote.co.uk/t/rainbow-roofing-and-cleaning-service | https://www.myjobquote.co.uk/t/rainbow-roofing-and-cleaning-service,myjobquote,1,
One Call Away,,Cleaner,,,4.68,0,,https://www.myjobquote.co.uk/t/one-call-away | https://www.myjobquote.co.uk/t/one-call-away,myjobquote,1,
Brick laying,,Cleaner,,,4.68,0,,https://www.myjobquote.co.uk/t/brick-laying-4 | https://www.myjobquote.co.uk/t/brick-laying-4,myjobquote,1,
Harsh Trivedi,,Cleaner,,,1,1,,https://www.myjobquote.co.uk/t/harsh-trivedi,myjobquote,1,
Barbosa,,Cleaner,,,4.68,0,,https://www.myjobquote.co.uk/t/barbosa,myjobquote,1,
Flat 14 The Salisbury Hotel,,Cleaner,,,4.68,0,,https://www.myjobquote.co.uk/t/flat-14-the-salisbury-hotel,myjobquote,1,
Deepcleaner,,Cleaner,,,4.68,0,,https://www.myjobquote.co.uk/t/deepcleaner,myjobquote,1,
K&N sparklebright Ltd,,Cleaner,,,4.68,0,,https://www.myjobquote.co.uk/t/kn-sparklebright-ltd,myjobquote,1,
Get gone cleaning. co,,Cleaner,,,4.68,0,,https://www.myjobquote.co.uk/t/get-gone-cleaning-co,myjobquote,1,
Billel,,Cleaner,,,4.68,0,,https://www.myjobquote.co.uk/t/billel,myjobquote,1,
Billel,,Cleaner,,,4.68,0,,https://www.myjobquote.co.uk/t/easycleaning,myjobquote,1,
ED Clean & Construction Ltd,,Cleaner,,,4.68,0,,https://www.myjobquote.co.uk/t/ed-clean-construction-ltd,myjobquote,1,
Efe Emenuwe,,Cleaner,,,4.68,0,,https://www.myjobquote.co.uk/t/efe-emenuwe,myjobquote,1,
Faith,,Cleaner,,,4.68,0,,https://www.myjobquote.co.uk/t/faith-12,myjobquote,1,
cleaner,,Cleaner,,,4.68,0,,https://www.myjobquote.co.uk/t/cleaner-230,myjobquote,1,
Simran,,Cleaner,,,4.68,0,,https://www.myjobquote.co.uk/t/simran-14,myjobquote,1,
Simran,,Cleaner,,,4.68,0,,https://www.myjobquote.co.uk/t/dr-elite-cleaning-services,myjobquote,1,
Souzacleaner,,Cleaner,,,4.68,0,,https://www.myjobquote.co.uk/t/souzacleaner,myjobquote,1,
Souzacleaner,,Cleaner,,,4.68,0,,https://www.myjobquote.co.uk/t/lukandah,myjobquote,1,
Muna cleaning servis,,Cleaner,,,4.68,0,,https://www.myjobquote.co.uk/t/muna-cleaning-servis,myjobquote,1,
Muna cleaning servis,,Cleaner,,,4.68,0,,https://www.myjobquote.co.uk/t/cleanability,myjobquote,1,
Tchoukoura,,Cleaner,,,4.68,0,,https://www.myjobquote.co.uk/t/tchoukoura,myjobquote,1,
Tchoukoura,,Cleaner,,,4.68,0,,https://www.myjobquote.co.uk/t/st-lucia-clean-and-clear,myjobquote,1,
Jenes Kayoka,,Cleaner,,,4.68,0,,https://www.myjobquote.co.uk/t/jenes-kayoka,myjobquote,1,
Jenes Kayoka,,Cleaner,,,,0,,https://www.myjobquote.co.uk/t/lccleaning-company,myjobquote,1,
LCCLEANING COMPANY,,Cleaner,,,4.68,0,,https://www.myjobquote.co.uk/t/akshay-5,myjobquote,1,
Akshay,,Cleaner,,,4.68,0,,https://www.myjobquote.co.uk/t/doina-1,myjobquote,1,
Doina,,Cleaner,,,4.68,0,,https://www.myjobquote.co.uk/t/ganesh-thapa,myjobquote,1,
Our time to shine cleaning CIC,,Cleaner,,,4.68,0,,https://www.myjobquote.co.uk/t/our-time-to-shine-cleaning-cic,myjobquote,1,
Perfect cleaning,,Cleaner,,,4.68,0,,https://www.myjobquote.co.uk/t/perfect-cleaning-1,myjobquote,1,
Perfect cleaning,,Cleaner,,,4.68,0,,https://www.myjobquote.co.uk/t/srn-cleaning-services-ltd,myjobquote,1,
Karasi,,Cleaner,,,4.68,0,,https://www.myjobquote.co.uk/t/karasi,myjobquote,1,
Banasco Cleaning Services,,Cleaner,,,4.68,0,,https://www.myjobquote.co.uk/t/banasco-cleaning-services,myjobquote,1,
Miracle Cleaning Services,,Cleaner,,,4.68,0,,https://www.myjobquote.co.uk/t/miracle-cleaning-services,myjobquote,1,
N&J cleaning Ltd,,Cleaner,,,4.68,0,,https://www.myjobquote.co.uk/t/nj-cleaning-ltd,myjobquote,1,
Rebecca,,Cleaner,,,4.68,0,,https://www.myjobquote.co.uk/t/rebecca-34,myjobquote,1,
Baljeet kaur,,Cleaner,,,4.68,0,,https://www.myjobquote.co.uk/t/baljeet-kaur,myjobquote,1,
Baljeet kaur,,Cleaner,,,4.68,0,,https://www.myjobquote.co.uk/t/best-dream-ltd,myjobquote,1,
Best Dream LTD,,Cleaner,,,4.68,0,,https://www.myjobquote.co.uk/t/gideon-11,myjobquote,1,
GIDEON,,Cleaner,,,4.68,0,,https://www.myjobquote.co.uk/t/jeremy-6,myjobquote,1,
Jeremy,,Cleaner,,,4.68,0,,https://www.myjobquote.co.uk/t/danielle-galway,myjobquote,1,
Danielle Galway,,Cleaner,,,4.68,0,,https://www.myjobquote.co.uk/t/kushal-kafle,myjobquote,1,
Kushal kafle,,Cleaner,,,4.68,0,,https://www.myjobquote.co.uk/t/work-for-happyness,myjobquote,1,
Wonsu,,Cleaner,,,4.68,0,,https://www.myjobquote.co.uk/t/wonsu,myjobquote,1,
Wonsu,,Cleaner,,,4.68,0,,https://www.myjobquote.co.uk/t/c-w-modern-designs-and-cleaning-services,myjobquote,1,
Upper Echelon Cleaning & Management,,Cleaner,,,4.68,0,,https://www.myjobquote.co.uk/t/upper-echelon-cleaning-management,myjobquote,1,
Cheick,,Cleaner,,,4.68,0,,https://www.myjobquote.co.uk/t/cheick,myjobquote,1,
Cheick,,Cleaner,,,4.68,0,,https://www.myjobquote.co.uk/t/lijo-g,myjobquote,1,
Lijo G,,Cleaner,,,4.68,0,,https://www.myjobquote.co.uk/t/home-cleaner-2,myjobquote,1,
Home cleaner,,Cleaner,,,4.68,0,,https://www.myjobquote.co.uk/t/salieu-ltd,myjobquote,1,
Aura Coat&Clean Ltd.,,Cleaner,,,4.68,0,,https://www.myjobquote.co.uk/t/aura-coatclean-ltd,myjobquote,1,
Chisolu,,Cleaner,,,4.68,0,,https://www.myjobquote.co.uk/t/chisolu,myjobquote,1,
Sofie Boylan,,Cleaner,,,4.68,0,,https://www.myjobquote.co.uk/t/sofie-boylan-1,myjobquote,1,
Servisolutions Cleaning Ltd,,Cleaner,,,4.68,0,,https://www.myjobquote.co.uk/t/servisolutions-cleaning-ltd,myjobquote,1,
Racheed,,Cleaner,,,4.68,0,,https://www.myjobquote.co.uk/t/racheed,myjobquote,1,
Racheed,,Cleaner,,,4.68,0,,https://www.myjobquote.co.uk/t/acc-support-cleaning-lda,myjobquote,1,
Marinela,,Cleaner,,,4.68,0,,https://www.myjobquote.co.uk/t/marinela,myjobquote,1,
Mahmoud,,Cleaner,,,4.68,0,,https://www.myjobquote.co.uk/t/mahmoud-14,myjobquote,1,
Mahmoud,,Cleaner,,,4.68,0,,https://www.myjobquote.co.uk/t/haven-signatures,myjobquote,1,
Alexandru,,Cleaner,,,4.68,0,,https://www.myjobquote.co.uk/t/alexandru-64,myjobquote,1,
ilve ko,,Cleaner,,,4.68,0,,https://www.myjobquote.co.uk/t/ilve-ko,myjobquote,1,
ilve ko,,Cleaner,,,4.68,0,,https://www.myjobquote.co.uk/t/krishna-sakariya,myjobquote,1,
Nisha,,Cleaner,,,4.68,0,,https://www.myjobquote.co.uk/t/nisha-7,myjobquote,1,
Nisha,,Cleaner,,,4.68,0,,https://www.myjobquote.co.uk/t/rita-green,myjobquote,1,
Success Bartaula,,Cleaner,,,4.68,0,,https://www.myjobquote.co.uk/t/success-bartaula,myjobquote,1,
Success Bartaula,,Cleaner,,,4.68,0,,https://www.myjobquote.co.uk/t/rolo-cleaners,myjobquote,1,
ROLO CLEANERS,,Cleaner,,,4.68,0,,https://www.myjobquote.co.uk/t/mary-andrews,myjobquote,1,
Mary Andrews,,Cleaner,,,4.68,0,,https://www.myjobquote.co.uk/t/chloe-alvarado,myjobquote,1,
Mihaela,,Cleaner,,,4.68,0,,https://www.myjobquote.co.uk/t/mihaela-22,myjobquote,1,
update Paul,,Cleaner,,,4.68,0,,https://www.myjobquote.co.uk/t/update-paul,myjobquote,1,
update Paul,,Cleaner,,,4.68,0,,https://www.myjobquote.co.uk/t/lidia-4,myjobquote,1,
W.P.S SERVISSES,,Cleaner,,,4.68,0,,https://www.myjobquote.co.uk/t/wps-servisses,myjobquote,1,
W.P.S SERVISSES,,Cleaner,,,4.68,0,,https://www.myjobquote.co.uk/t/maria-shen,myjobquote,1,
Teesng,,Cleaner,,,4.68,0,,https://www.myjobquote.co.uk/t/teesng,myjobquote,1,
Himanshu,,Cleaner,,,4.68,0,,https://www.myjobquote.co.uk/t/himanshu-3,myjobquote,1,